Workbook
Name equipes: equipes!$C$6:$C$11
Name feriados: feriados!$A$3:$A$1845
Name funcionarios: funcionários!$D$6:$D$11
Name me_fin: 'est1'!$C$59:$C$66
Name me_log: 'est3'!$C$59:$C$66
Name me_mkt: 'est2'!$C$59:$C$66
Name me_rh: 'est4'!$C$59:$C$66
Name params_ano: parametros!$B$2:$B$21
Name params_direcao: parametros!$I$2:$I$3
Name params_meses: parametros!$F$2:$F$13
Name params_pespc: parametros!$M$2:$M$5
Name params_qtda_anos: parametros!$D$2:$D$6
Name params_situacao: parametros!$L$2:$L$4
Name params_status: parametros!$G$2:$G$5
Name params_und: parametros!$J$2:$J$4
Name perspectiva_clientes: me!$H$6:$I$13
Name perspectiva_financeira: me!$D$6:$E$13
Name perspectiva_pi: me!$D$17:$E$24
Name perspectiva_rh: me!$H$17:$I$24

Sheet feriados
A1: CATANDUVA - SP | H1: RIBEIRÃO PRETO - SP
A2: DATA | B2: DIA DA SEMANA | C2: NOME | D2: ANO | E2: ALCANCE | H2: DATA | I2: DIA DA SEMANA | J2: NOME | K2: ANO | L2: ALCANCE
A3: =DATE(D3,1,1) -> 43466 | B3: =A3 -> 43466 | C3: Confraternização Universal | D3: 2019 | E3: NACIONAL | H3: =DATE(K3,1,1) -> 43466 | I3: =H3 -> 43466 | J3: Confraternização Universal | K3: 2019 | L3: NACIONAL
A4: =A7-48 -> 43528 | B4: =A4 -> 43528 | C4: Carnaval | D4: 2019 | E4: NACIONAL | H4: =H7-48 -> 43528 | I4: =H4 -> 43528 | J4: Carnaval | K4: 2019 | L4: NACIONAL
A5: =A7-47 -> 43529 | B5: =A5 -> 43529 | C5: Carnaval | D5: 2019 | E5: NACIONAL | H5: =H7-47 -> 43529 | I5: =H5 -> 43529 | J5: Carnaval | K5: 2019 | L5: NACIONAL
A6: =A7-2 -> 43574 | B6: =A6 -> 43574 | C6: Paixão de Cristo | D6: 2019 | E6: NACIONAL | H6: =H7-2 -> 43574 | I6: =H6 -> 43574 | J6: Paixão de Cristo | K6: 2019 | L6: NACIONAL
A7: =FLOOR(DAY(MINUTE(D7/38)/2+56)&"/5"&"/"&D7,7)-34 -> 43576 | B7: =A7 -> 43576 | C7: Páscoa | D7: 2019 | E7: NACIONAL | H7: =FLOOR(DAY(MINUTE(K7/38)/2+56)&"/5"&"/"&K7,7)-34 -> 43576 | I7: =H7 -> 43576 | J7: Páscoa | K7: 2019 | L7: NACIONAL
A8: =DATE(D8,4,14) -> 43569 | B8: =A8 -> 43569 | C8: Aniversário Da Cidade | D8: 2019 | E8: MUNICIPAL | H8: =DATE(K8,4,21) -> 43576 | I8: =H8 -> 43576 | J8: Tiradentes | K8: 2019 | L8: NACIONAL
A9: =DATE(D9,4,21) -> 43576 | B9: =A9 -> 43576 | C9: Tiradentes | D9: 2019 | E9: NACIONAL | H9: =DATE(K9,5,1) -> 43586 | I9: =H9 -> 43586 | J9: Dia do Trabalho | K9: 2019 | L9: NACIONAL
A10: =DATE(D10,5,1) -> 43586 | B10: =A10 -> 43586 | C10: Dia do Trabalho | D10: 2019 | E10: NACIONAL | H10: =DATE(K10,5,1)+(14-WEEKDAY(DATE(K10,5,1),2)) -> 43597 | I10: =H10 -> 43597 | J10: Dia das Mães | K10: 2019 | L10: NACIONAL
A11: =DATE(D11,5,1)+(14-WEEKDAY(DATE(D11,5,1),2)) -> 43597 | B11: =A11 -> 43597 | C11: Dia das Mães | D11: 2019 | E11: NACIONAL | H11: =H7+60 -> 43636 | I11: =H11 -> 43636 | J11: Corpus Cristi | K11: 2019 | L11: NACIONAL
A12: =A7+60 -> 43636 | B12: =A12 -> 43636 | C12: Corpus Cristi | D12: 2019 | E12: NACIONAL | H12: =DATE(K12,6,19) -> 43635 | I12: =H12 -> 43635 | J12: Aniversário Da Cidade | K12: 2019 | L12: MUNICIPAL
A13: =DATE(D13,7,9) -> 43655 | B13: =A13 -> 43655 | C13: Revolução constitucionalista | D13: 2019 | E13: ESTADUAL | H13: =DATE(K13,7,9) -> 43655 | I13: =H13 -> 43655 | J13: Revolução constitucionalista | K13: 2019 | L13: ESTADUAL
A14: =DATE(D14,8,8) -> 43685 | B14: =A14 -> 43685 | C14: Dia de São Domingos | D14: 2019 | E14: MUNICIPAL | H14: =DATE(K14,8,1)+(14-WEEKDAY(DATE(K14,8,1),2)) -> 43688 | I14: =H14 -> 43688 | J14: Dia do Pais | K14: 2019 | L14: NACIONAL
A15: =DATE(D15,8,1)+(14-WEEKDAY(DATE(D15,8,1),2)) -> 43688 | B15: =A15 -> 43688 | C15: Dia do Pais | D15: 2019 | E15: NACIONAL | H15: =DATE(K15,9,7) -> 43715 | I15: =H15 -> 43715 | J15: Independênica do Brasil | K15: 2019 | L15: NACIONAL
A16: =DATE(D16,9,7) -> 43715 | B16: =A16 -> 43715 | C16: Independênica do Brasil | D16: 2019 | E16: NACIONAL | H16: =DATE(K16,10,12) -> 43750 | I16: =H16 -> 43750 | J16: Nossa Srª Aparecida | K16: 2019 | L16: NACIONAL
A17: =DATE(D17,10,12) -> 43750 | B17: =A17 -> 43750 | C17: Nossa Srª Aparecida | D17: 2019 | E17: NACIONAL | H17: =DATE(K17,11,2) -> 43771 | I17: =H17 -> 43771 | J17: Finados | K17: 2019 | L17: NACIONAL
A18: =DATE(D18,11,2) -> 43771 | B18: =A18 -> 43771 | C18: Finados | D18: 2019 | E18: NACIONAL | H18: =DATE(K18,11,15) -> 43784 | I18: =H18 -> 43784 | J18: Proclamação da rebublica | K18: 2019 | L18: NACIONAL
A19: =DATE(D19,11,15) -> 43784 | B19: =A19 -> 43784 | C19: Proclamação da rebublica | D19: 2019 | E19: NACIONAL | H19: =DATE(K19,11,20) -> 43789 | I19: =H19 -> 43789 | J19: Conciênica Negra | K19: 2019 | L19: NACIONAL
A20: =DATE(D20,11,20) -> 43789 | B20: =A20 -> 43789 | C20: Conciênica Negra | D20: 2019 | E20: NACIONAL | H20: =DATE(K20,12,25) -> 43824 | I20: =H20 -> 43824 | J20: Natal | K20: 2019 | L20: NACIONAL
A21: =DATE(D21,12,25) -> 43824 | B21: =A21 -> 43824 | C21: Natal | D21: 2019 | E21: NACIONAL | H21: =DATE(K21,1,1) -> 43831 | I21: =H21 -> 43831 | J21: Confraternização Universal | K21: =K3+1 -> 2020 | L21: NACIONAL
A22: =DATE(D22,1,1) -> 43831 | B22: =A22 -> 43831 | C22: Confraternização Universal | D22: =D3+1 -> 2020 | E22: NACIONAL | H22: =H25-48 -> 43885 | I22: =H22 -> 43885 | J22: Carnaval | K22: =K4+1 -> 2020 | L22: NACIONAL
A23: =A26-48 -> 43885 | B23: =A23 -> 43885 | C23: Carnaval | D23: =D4+1 -> 2020 | E23: NACIONAL | H23: =H25-47 -> 43886 | I23: =H23 -> 43886 | J23: Carnaval | K23: =K5+1 -> 2020 | L23: NACIONAL
A24: =A26-47 -> 43886 | B24: =A24 -> 43886 | C24: Carnaval | D24: =D5+1 -> 2020 | E24: NACIONAL | H24: =H25-2 -> 43931 | I24: =H24 -> 43931 | J24: Paixão de Cristo | K24: =K6+1 -> 2020 | L24: NACIONAL
A25: =A26-2 -> 43931 | B25: =A25 -> 43931 | C25: Paixão de Cristo | D25: =D6+1 -> 2020 | E25: NACIONAL | H25: =FLOOR(DAY(MINUTE(K25/38)/2+56)&"/5"&"/"&K25,7)-34 -> 43933 | I25: =H25 -> 43933 | J25: Páscoa | K25: =K7+1 -> 2020 | L25: NACIONAL
A26: =FLOOR(DAY(MINUTE(D26/38)/2+56)&"/5"&"/"&D26,7)-34 -> 43933 | B26: =A26 -> 43933 | C26: Páscoa | D26: =D7+1 -> 2020 | E26: NACIONAL | H26: =DATE(K26,4,21) -> 43942 | I26: =H26 -> 43942 | J26: Tiradentes | K26: =K8+1 -> 2020 | L26: NACIONAL
A27: =DATE(D27,4,14) -> 43935 | B27: =A27 -> 43935 | C27: Aniversário Da Cidade | D27: =D8+1 -> 2020 | E27: MUNICIPAL | H27: =DATE(K27,5,1) -> 43952 | I27: =H27 -> 43952 | J27: Dia do Trabalho | K27: =K9+1 -> 2020 | L27: NACIONAL
A28: =DATE(D28,4,21) -> 43942 | B28: =A28 -> 43942 | C28: Tiradentes | D28: =D9+1 -> 2020 | E28: NACIONAL | H28: =DATE(K28,5,1)+(14-WEEKDAY(DATE(K28,5,1),2)) -> 43961 | I28: =H28 -> 43961 | J28: Dia das Mães | K28: =K10+1 -> 2020 | L28: NACIONAL
A29: =DATE(D29,5,1) -> 43952 | B29: =A29 -> 43952 | C29: Dia do Trabalho | D29: =D10+1 -> 2020 | E29: NACIONAL | H29: =H25+60 -> 43993 | I29: =H29 -> 43993 | J29: Corpus Cristi | K29: =K11+1 -> 2020 | L29: NACIONAL
A30: =DATE(D30,5,1)+(14-WEEKDAY(DATE(D30,5,1),2)) -> 43961 | B30: =A30 -> 43961 | C30: Dia das Mães | D30: =D11+1 -> 2020 | E30: NACIONAL | H30: =DATE(K30,6,19) -> 44001 | I30: =H30 -> 44001 | J30: Aniversário Da Cidade | K30: =K12+1 -> 2020 | L30: MUNICIPAL
A31: =A26+60 -> 43993 | B31: =A31 -> 43993 | C31: Corpus Cristi | D31: =D12+1 -> 2020 | E31: NACIONAL | H31: =DATE(K31,7,9) -> 44021 | I31: =H31 -> 44021 | J31: Revolução constitucionalista | K31: =K13+1 -> 2020 | L31: ESTADUAL
A32: =DATE(D32,7,9) -> 44021 | B32: =A32 -> 44021 | C32: Revolução constitucionalista | D32: =D13+1 -> 2020 | E32: ESTADUAL | H32: =DATE(K32,8,1)+(14-WEEKDAY(DATE(K32,8,1),2)) -> 44052 | I32: =H32 -> 44052 | J32: Dia do Pais | K32: =K14+1 -> 2020 | L32: NACIONAL
A33: =DATE(D33,8,8) -> 44051 | B33: =A33 -> 44051 | C33: Dia de São Domingos | D33: =D14+1 -> 2020 | E33: MUNICIPAL | H33: =DATE(K33,9,7) -> 44081 | I33: =H33 -> 44081 | J33: Independênica do Brasil | K33: =K15+1 -> 2020 | L33: NACIONAL
A34: =DATE(D34,8,1)+(14-WEEKDAY(DATE(D34,8,1),2)) -> 44052 | B34: =A34 -> 44052 | C34: Dia do Pais | D34: =D15+1 -> 2020 | E34: NACIONAL | H34: =DATE(K34,10,12) -> 44116 | I34: =H34 -> 44116 | J34: Nossa Srª Aparecida | K34: =K16+1 -> 2020 | L34: NACIONAL
A35: =DATE(D35,9,7) -> 44081 | B35: =A35 -> 44081 | C35: Independênica do Brasil | D35: =D16+1 -> 2020 | E35: NACIONAL | H35: =DATE(K35,11,2) -> 44137 | I35: =H35 -> 44137 | J35: Finados | K35: =K17+1 -> 2020 | L35: NACIONAL
A36: =DATE(D36,10,12) -> 44116 | B36: =A36 -> 44116 | C36: Nossa Srª Aparecida | D36: =D17+1 -> 2020 | E36: NACIONAL | H36: =DATE(K36,11,15) -> 44150 | I36: =H36 -> 44150 | J36: Proclamação da rebublica | K36: =K18+1 -> 2020 | L36: NACIONAL
A37: =DATE(D37,11,2) -> 44137 | B37: =A37 -> 44137 | C37: Finados | D37: =D18+1 -> 2020 | E37: NACIONAL | H37: =DATE(K37,11,20) -> 44155 | I37: =H37 -> 44155 | J37: Conciênica Negra | K37: =K19+1 -> 2020 | L37: NACIONAL
A38: =DATE(D38,11,15) -> 44150 | B38: =A38 -> 44150 | C38: Proclamação da rebublica | D38: =D19+1 -> 2020 | E38: NACIONAL | H38: =DATE(K38,12,25) -> 44190 | I38: =H38 -> 44190 | J38: Natal | K38: =K20+1 -> 2020 | L38: NACIONAL
A39: =DATE(D39,11,20) -> 44155 | B39: =A39 -> 44155 | C39: Conciênica Negra | D39: =D20+1 -> 2020 | E39: NACIONAL | H39: =DATE(K39,1,1) -> 44197 | I39: =H39 -> 44197 | J39: Confraternização Universal | K39: =K21+1 -> 2021 | L39: NACIONAL
A40: =DATE(D40,12,25) -> 44190 | B40: =A40 -> 44190 | C40: Natal | D40: =D21+1 -> 2020 | E40: NACIONAL | H40: =H43-48 -> 44242 | I40: =H40 -> 44242 | J40: Carnaval | K40: =K22+1 -> 2021 | L40: NACIONAL
A41: =DATE(D41,1,1) -> 44197 | B41: =A41 -> 44197 | C41: Confraternização Universal | D41: =D22+1 -> 2021 | E41: NACIONAL | H41: =H43-47 -> 44243 | I41: =H41 -> 44243 | J41: Carnaval | K41: =K23+1 -> 2021 | L41: NACIONAL
A42: =A45-48 -> 44242 | B42: =A42 -> 44242 | C42: Carnaval | D42: =D23+1 -> 2021 | E42: NACIONAL | H42: =H43-2 -> 44288 | I42: =H42 -> 44288 | J42: Paixão de Cristo | K42: =K24+1 -> 2021 | L42: NACIONAL
A43: =A45-47 -> 44243 | B43: =A43 -> 44243 | C43: Carnaval | D43: =D24+1 -> 2021 | E43: NACIONAL | H43: =FLOOR(DAY(MINUTE(K43/38)/2+56)&"/5"&"/"&K43,7)-34 -> 44290 | I43: =H43 -> 44290 | J43: Páscoa | K43: =K25+1 -> 2021 | L43: NACIONAL
A44: =A45-2 -> 44288 | B44: =A44 -> 44288 | C44: Paixão de Cristo | D44: =D25+1 -> 2021 | E44: NACIONAL | H44: =DATE(K44,4,21) -> 44307 | I44: =H44 -> 44307 | J44: Tiradentes | K44: =K26+1 -> 2021 | L44: NACIONAL
A45: =FLOOR(DAY(MINUTE(D45/38)/2+56)&"/5"&"/"&D45,7)-34 -> 44290 | B45: =A45 -> 44290 | C45: Páscoa | D45: =D26+1 -> 2021 | E45: NACIONAL | H45: =DATE(K45,5,1) -> 44317 | I45: =H45 -> 44317 | J45: Dia do Trabalho | K45: =K27+1 -> 2021 | L45: NACIONAL
A46: =DATE(D46,4,14) -> 44300 | B46: =A46 -> 44300 | C46: Aniversário Da Cidade | D46: =D27+1 -> 2021 | E46: MUNICIPAL | H46: =DATE(K46,5,1)+(14-WEEKDAY(DATE(K46,5,1),2)) -> 44325 | I46: =H46 -> 44325 | J46: Dia das Mães | K46: =K28+1 -> 2021 | L46: NACIONAL
A47: =DATE(D47,4,21) -> 44307 | B47: =A47 -> 44307 | C47: Tiradentes | D47: =D28+1 -> 2021 | E47: NACIONAL | H47: =H43+60 -> 44350 | I47: =H47 -> 44350 | J47: Corpus Cristi | K47: =K29+1 -> 2021 | L47: NACIONAL
A48: =DATE(D48,5,1) -> 44317 | B48: =A48 -> 44317 | C48: Dia do Trabalho | D48: =D29+1 -> 2021 | E48: NACIONAL | H48: =DATE(K48,6,19) -> 44366 | I48: =H48 -> 44366 | J48: Aniversário Da Cidade | K48: =K30+1 -> 2021 | L48: MUNICIPAL
A49: =DATE(D49,5,1)+(14-WEEKDAY(DATE(D49,5,1),2)) -> 44325 | B49: =A49 -> 44325 | C49: Dia das Mães | D49: =D30+1 -> 2021 | E49: NACIONAL | H49: =DATE(K49,7,9) -> 44386 | I49: =H49 -> 44386 | J49: Revolução constitucionalista | K49: =K31+1 -> 2021 | L49: ESTADUAL
A50: =A45+60 -> 44350 | B50: =A50 -> 44350 | C50: Corpus Cristi | D50: =D31+1 -> 2021 | E50: NACIONAL | H50: =DATE(K50,8,1)+(14-WEEKDAY(DATE(K50,8,1),2)) -> 44416 | I50: =H50 -> 44416 | J50: Dia do Pais | K50: =K32+1 -> 2021 | L50: NACIONAL
A51: =DATE(D51,7,9) -> 44386 | B51: =A51 -> 44386 | C51: Revolução constitucionalista | D51: =D32+1 -> 2021 | E51: ESTADUAL | H51: =DATE(K51,9,7) -> 44446 | I51: =H51 -> 44446 | J51: Independênica do Brasil | K51: =K33+1 -> 2021 | L51: NACIONAL
A52: =DATE(D52,8,8) -> 44416 | B52: =A52 -> 44416 | C52: Dia de São Domingos | D52: =D33+1 -> 2021 | E52: MUNICIPAL | H52: =DATE(K52,10,12) -> 44481 | I52: =H52 -> 44481 | J52: Nossa Srª Aparecida | K52: =K34+1 -> 2021 | L52: NACIONAL
A53: =DATE(D53,8,1)+(14-WEEKDAY(DATE(D53,8,1),2)) -> 44416 | B53: =A53 -> 44416 | C53: Dia do Pais | D53: =D34+1 -> 2021 | E53: NACIONAL | H53: =DATE(K53,11,2) -> 44502 | I53: =H53 -> 44502 | J53: Finados | K53: =K35+1 -> 2021 | L53: NACIONAL
A54: =DATE(D54,9,7) -> 44446 | B54: =A54 -> 44446 | C54: Independênica do Brasil | D54: =D35+1 -> 2021 | E54: NACIONAL | H54: =DATE(K54,11,15) -> 44515 | I54: =H54 -> 44515 | J54: Proclamação da rebublica | K54: =K36+1 -> 2021 | L54: NACIONAL
A55: =DATE(D55,10,12) -> 44481 | B55: =A55 -> 44481 | C55: Nossa Srª Aparecida | D55: =D36+1 -> 2021 | E55: NACIONAL | H55: =DATE(K55,11,20) -> 44520 | I55: =H55 -> 44520 | J55: Conciênica Negra | K55: =K37+1 -> 2021 | L55: NACIONAL
A56: =DATE(D56,11,2) -> 44502 | B56: =A56 -> 44502 | C56: Finados | D56: =D37+1 -> 2021 | E56: NACIONAL | H56: =DATE(K56,12,25) -> 44555 | I56: =H56 -> 44555 | J56: Natal | K56: =K38+1 -> 2021 | L56: NACIONAL
A57: =DATE(D57,11,15) -> 44515 | B57: =A57 -> 44515 | C57: Proclamação da rebublica | D57: =D38+1 -> 2021 | E57: NACIONAL | H57: =DATE(K57,1,1) -> 44562 | I57: =H57 -> 44562 | J57: Confraternização Universal | K57: =K39+1 -> 2022 | L57: NACIONAL
A58: =DATE(D58,11,20) -> 44520 | B58: =A58 -> 44520 | C58: Conciênica Negra | D58: =D39+1 -> 2021 | E58: NACIONAL | H58: =H61-48 -> 44620 | I58: =H58 -> 44620 | J58: Carnaval | K58: =K40+1 -> 2022 | L58: NACIONAL
A59: =DATE(D59,12,25) -> 44555 | B59: =A59 -> 44555 | C59: Natal | D59: =D40+1 -> 2021 | E59: NACIONAL | H59: =H61-47 -> 44621 | I59: =H59 -> 44621 | J59: Carnaval | K59: =K41+1 -> 2022 | L59: NACIONAL
A60: =DATE(D60,1,1) -> 44562 | B60: =A60 -> 44562 | C60: Confraternização Universal | D60: =D41+1 -> 2022 | E60: NACIONAL | H60: =H61-2 -> 44666 | I60: =H60 -> 44666 | J60: Paixão de Cristo | K60: =K42+1 -> 2022 | L60: NACIONAL
A61: =A64-48 -> 44620 | B61: =A61 -> 44620 | C61: Carnaval | D61: =D42+1 -> 2022 | E61: NACIONAL | H61: =FLOOR(DAY(MINUTE(K61/38)/2+56)&"/5"&"/"&K61,7)-34 -> 44668 | I61: =H61 -> 44668 | J61: Páscoa | K61: =K43+1 -> 2022 | L61: NACIONAL
A62: =A64-47 -> 44621 | B62: =A62 -> 44621 | C62: Carnaval | D62: =D43+1 -> 2022 | E62: NACIONAL | H62: =DATE(K62,4,21) -> 44672 | I62: =H62 -> 44672 | J62: Tiradentes | K62: =K44+1 -> 2022 | L62: NACIONAL
A63: =A64-2 -> 44666 | B63: =A63 -> 44666 | C63: Paixão de Cristo | D63: =D44+1 -> 2022 | E63: NACIONAL | H63: =DATE(K63,5,1) -> 44682 | I63: =H63 -> 44682 | J63: Dia do Trabalho | K63: =K45+1 -> 2022 | L63: NACIONAL
A64: =FLOOR(DAY(MINUTE(D64/38)/2+56)&"/5"&"/"&D64,7)-34 -> 44668 | B64: =A64 -> 44668 | C64: Páscoa | D64: =D45+1 -> 2022 | E64: NACIONAL | H64: =DATE(K64,5,1)+(14-WEEKDAY(DATE(K64,5,1),2)) -> 44689 | I64: =H64 -> 44689 | J64: Dia das Mães | K64: =K46+1 -> 2022 | L64: NACIONAL
A65: =DATE(D65,4,14) -> 44665 | B65: =A65 -> 44665 | C65: Aniversário Da Cidade | D65: =D46+1 -> 2022 | E65: MUNICIPAL | H65: =H61+60 -> 44728 | I65: =H65 -> 44728 | J65: Corpus Cristi | K65: =K47+1 -> 2022 | L65: NACIONAL
A66: =DATE(D66,4,21) -> 44672 | B66: =A66 -> 44672 | C66: Tiradentes | D66: =D47+1 -> 2022 | E66: NACIONAL | H66: =DATE(K66,6,19) -> 44731 | I66: =H66 -> 44731 | J66: Aniversário Da Cidade | K66: =K48+1 -> 2022 | L66: MUNICIPAL
A67: =DATE(D67,5,1) -> 44682 | B67: =A67 -> 44682 | C67: Dia do Trabalho | D67: =D48+1 -> 2022 | E67: NACIONAL | H67: =DATE(K67,7,9) -> 44751 | I67: =H67 -> 44751 | J67: Revolução constitucionalista | K67: =K49+1 -> 2022 | L67: ESTADUAL
A68: =DATE(D68,5,1)+(14-WEEKDAY(DATE(D68,5,1),2)) -> 44689 | B68: =A68 -> 44689 | C68: Dia das Mães | D68: =D49+1 -> 2022 | E68: NACIONAL | H68: =DATE(K68,8,1)+(14-WEEKDAY(DATE(K68,8,1),2)) -> 44787 | I68: =H68 -> 44787 | J68: Dia do Pais | K68: =K50+1 -> 2022 | L68: NACIONAL
A69: =A64+60 -> 44728 | B69: =A69 -> 44728 | C69: Corpus Cristi | D69: =D50+1 -> 2022 | E69: NACIONAL | H69: =DATE(K69,9,7) -> 44811 | I69: =H69 -> 44811 | J69: Independênica do Brasil | K69: =K51+1 -> 2022 | L69: NACIONAL
A70: =DATE(D70,7,9) -> 44751 | B70: =A70 -> 44751 | C70: Revolução constitucionalista | D70: =D51+1 -> 2022 | E70: ESTADUAL | H70: =DATE(K70,10,12) -> 44846 | I70: =H70 -> 44846 | J70: Nossa Srª Aparecida | K70: =K52+1 -> 2022 | L70: NACIONAL
A71: =DATE(D71,8,8) -> 44781 | B71: =A71 -> 44781 | C71: Dia de São Domingos | D71: =D52+1 -> 2022 | E71: MUNICIPAL | H71: =DATE(K71,11,2) -> 44867 | I71: =H71 -> 44867 | J71: Finados | K71: =K53+1 -> 2022 | L71: NACIONAL
A72: =DATE(D72,8,1)+(14-WEEKDAY(DATE(D72,8,1),2)) -> 44787 | B72: =A72 -> 44787 | C72: Dia do Pais | D72: =D53+1 -> 2022 | E72: NACIONAL | H72: =DATE(K72,11,15) -> 44880 | I72: =H72 -> 44880 | J72: Proclamação da rebublica | K72: =K54+1 -> 2022 | L72: NACIONAL
A73: =DATE(D73,9,7) -> 44811 | B73: =A73 -> 44811 | C73: Independênica do Brasil | D73: =D54+1 -> 2022 | E73: NACIONAL | H73: =DATE(K73,11,20) -> 44885 | I73: =H73 -> 44885 | J73: Conciênica Negra | K73: =K55+1 -> 2022 | L73: NACIONAL
A74: =DATE(D74,10,12) -> 44846 | B74: =A74 -> 44846 | C74: Nossa Srª Aparecida | D74: =D55+1 -> 2022 | E74: NACIONAL | H74: =DATE(K74,12,25) -> 44920 | I74: =H74 -> 44920 | J74: Natal | K74: =K56+1 -> 2022 | L74: NACIONAL
A75: =DATE(D75,11,2) -> 44867 | B75: =A75 -> 44867 | C75: Finados | D75: =D56+1 -> 2022 | E75: NACIONAL | H75: =DATE(K75,1,1) -> 44927 | I75: =H75 -> 44927 | J75: Confraternização Universal | K75: =K57+1 -> 2023 | L75: NACIONAL
A76: =DATE(D76,11,15) -> 44880 | B76: =A76 -> 44880 | C76: Proclamação da rebublica | D76: =D57+1 -> 2022 | E76: NACIONAL | H76: =H79-48 -> 44977 | I76: =H76 -> 44977 | J76: Carnaval | K76: =K58+1 -> 2023 | L76: NACIONAL
A77: =DATE(D77,11,20) -> 44885 | B77: =A77 -> 44885 | C77: Conciênica Negra | D77: =D58+1 -> 2022 | E77: NACIONAL | H77: =H79-47 -> 44978 | I77: =H77 -> 44978 | J77: Carnaval | K77: =K59+1 -> 2023 | L77: NACIONAL
A78: =DATE(D78,12,25) -> 44920 | B78: =A78 -> 44920 | C78: Natal | D78: =D59+1 -> 2022 | E78: NACIONAL | H78: =H79-2 -> 45023 | I78: =H78 -> 45023 | J78: Paixão de Cristo | K78: =K60+1 -> 2023 | L78: NACIONAL
A79: =DATE(D79,1,1) -> 44927 | B79: =A79 -> 44927 | C79: Confraternização Universal | D79: =D60+1 -> 2023 | E79: NACIONAL | H79: =FLOOR(DAY(MINUTE(K79/38)/2+56)&"/5"&"/"&K79,7)-34 -> 45025 | I79: =H79 -> 45025 | J79: Páscoa | K79: =K61+1 -> 2023 | L79: NACIONAL
A80: =A83-48 -> 44977 | B80: =A80 -> 44977 | C80: Carnaval | D80: =D61+1 -> 2023 | E80: NACIONAL | H80: =DATE(K80,4,21) -> 45037 | I80: =H80 -> 45037 | J80: Tiradentes | K80: =K62+1 -> 2023 | L80: NACIONAL
A81: =A83-47 -> 44978 | B81: =A81 -> 44978 | C81: Carnaval | D81: =D62+1 -> 2023 | E81: NACIONAL | H81: =DATE(K81,5,1) -> 45047 | I81: =H81 -> 45047 | J81: Dia do Trabalho | K81: =K63+1 -> 2023 | L81: NACIONAL
A82: =A83-2 -> 45023 | B82: =A82 -> 45023 | C82: Paixão de Cristo | D82: =D63+1 -> 2023 | E82: NACIONAL | H82: =DATE(K82,5,1)+(14-WEEKDAY(DATE(K82,5,1),2)) -> 45060 | I82: =H82 -> 45060 | J82: Dia das Mães | K82: =K64+1 -> 2023 | L82: NACIONAL
A83: =FLOOR(DAY(MINUTE(D83/38)/2+56)&"/5"&"/"&D83,7)-34 -> 45025 | B83: =A83 -> 45025 | C83: Páscoa | D83: =D64+1 -> 2023 | E83: NACIONAL | H83: =H79+60 -> 45085 | I83: =H83 -> 45085 | J83: Corpus Cristi | K83: =K65+1 -> 2023 | L83: NACIONAL
A84: =DATE(D84,4,14) -> 45030 | B84: =A84 -> 45030 | C84: Aniversário Da Cidade | D84: =D65+1 -> 2023 | E84: MUNICIPAL | H84: =DATE(K84,6,19) -> 45096 | I84: =H84 -> 45096 | J84: Aniversário Da Cidade | K84: =K66+1 -> 2023 | L84: MUNICIPAL
A85: =DATE(D85,4,21) -> 45037 | B85: =A85 -> 45037 | C85: Tiradentes | D85: =D66+1 -> 2023 | E85: NACIONAL | H85: =DATE(K85,7,9) -> 45116 | I85: =H85 -> 45116 | J85: Revolução constitucionalista | K85: =K67+1 -> 2023 | L85: ESTADUAL
A86: =DATE(D86,5,1) -> 45047 | B86: =A86 -> 45047 | C86: Dia do Trabalho | D86: =D67+1 -> 2023 | E86: NACIONAL | H86: =DATE(K86,8,1)+(14-WEEKDAY(DATE(K86,8,1),2)) -> 45151 | I86: =H86 -> 45151 | J86: Dia do Pais | K86: =K68+1 -> 2023 | L86: NACIONAL
A87: =DATE(D87,5,1)+(14-WEEKDAY(DATE(D87,5,1),2)) -> 45060 | B87: =A87 -> 45060 | C87: Dia das Mães | D87: =D68+1 -> 2023 | E87: NACIONAL | H87: =DATE(K87,9,7) -> 45176 | I87: =H87 -> 45176 | J87: Independênica do Brasil | K87: =K69+1 -> 2023 | L87: NACIONAL
A88: =A83+60 -> 45085 | B88: =A88 -> 45085 | C88: Corpus Cristi | D88: =D69+1 -> 2023 | E88: NACIONAL | H88: =DATE(K88,10,12) -> 45211 | I88: =H88 -> 45211 | J88: Nossa Srª Aparecida | K88: =K70+1 -> 2023 | L88: NACIONAL
A89: =DATE(D89,7,9) -> 45116 | B89: =A89 -> 45116 | C89: Revolução constitucionalista | D89: =D70+1 -> 2023 | E89: ESTADUAL | H89: =DATE(K89,11,2) -> 45232 | I89: =H89 -> 45232 | J89: Finados | K89: =K71+1 -> 2023 | L89: NACIONAL
A90: =DATE(D90,8,8) -> 45146 | B90: =A90 -> 45146 | C90: Dia de São Domingos | D90: =D71+1 -> 2023 | E90: MUNICIPAL | H90: =DATE(K90,11,15) -> 45245 | I90: =H90 -> 45245 | J90: Proclamação da rebublica | K90: =K72+1 -> 2023 | L90: NACIONAL
A91: =DATE(D91,8,1)+(14-WEEKDAY(DATE(D91,8,1),2)) -> 45151 | B91: =A91 -> 45151 | C91: Dia do Pais | D91: =D72+1 -> 2023 | E91: NACIONAL | H91: =DATE(K91,11,20) -> 45250 | I91: =H91 -> 45250 | J91: Conciênica Negra | K91: =K73+1 -> 2023 | L91: NACIONAL
A92: =DATE(D92,9,7) -> 45176 | B92: =A92 -> 45176 | C92: Independênica do Brasil | D92: =D73+1 -> 2023 | E92: NACIONAL | H92: =DATE(K92,12,25) -> 45285 | I92: =H92 -> 45285 | J92: Natal | K92: =K74+1 -> 2023 | L92: NACIONAL
A93: =DATE(D93,10,12) -> 45211 | B93: =A93 -> 45211 | C93: Nossa Srª Aparecida | D93: =D74+1 -> 2023 | E93: NACIONAL | H93: =DATE(K93,1,1) -> 45292 | I93: =H93 -> 45292 | J93: Confraternização Universal | K93: =K75+1 -> 2024 | L93: NACIONAL
A94: =DATE(D94,11,2) -> 45232 | B94: =A94 -> 45232 | C94: Finados | D94: =D75+1 -> 2023 | E94: NACIONAL | H94: =H97-48 -> 45334 | I94: =H94 -> 45334 | J94: Carnaval | K94: =K76+1 -> 2024 | L94: NACIONAL
A95: =DATE(D95,11,15) -> 45245 | B95: =A95 -> 45245 | C95: Proclamação da rebublica | D95: =D76+1 -> 2023 | E95: NACIONAL | H95: =H97-47 -> 45335 | I95: =H95 -> 45335 | J95: Carnaval | K95: =K77+1 -> 2024 | L95: NACIONAL
A96: =DATE(D96,11,20) -> 45250 | B96: =A96 -> 45250 | C96: Conciênica Negra | D96: =D77+1 -> 2023 | E96: NACIONAL | H96: =H97-2 -> 45380 | I96: =H96 -> 45380 | J96: Paixão de Cristo | K96: =K78+1 -> 2024 | L96: NACIONAL
A97: =DATE(D97,12,25) -> 45285 | B97: =A97 -> 45285 | C97: Natal | D97: =D78+1 -> 2023 | E97: NACIONAL | H97: =FLOOR(DAY(MINUTE(K97/38)/2+56)&"/5"&"/"&K97,7)-34 -> 45382 | I97: =H97 -> 45382 | J97: Páscoa | K97: =K79+1 -> 2024 | L97: NACIONAL
A98: =DATE(D98,1,1) -> 45292 | B98: =A98 -> 45292 | C98: Confraternização Universal | D98: =D79+1 -> 2024 | E98: NACIONAL | H98: =DATE(K98,4,21) -> 45403 | I98: =H98 -> 45403 | J98: Tiradentes | K98: =K80+1 -> 2024 | L98: NACIONAL
A99: =A102-48 -> 45334 | B99: =A99 -> 45334 | C99: Carnaval | D99: =D80+1 -> 2024 | E99: NACIONAL | H99: =DATE(K99,5,1) -> 45413 | I99: =H99 -> 45413 | J99: Dia do Trabalho | K99: =K81+1 -> 2024 | L99: NACIONAL
A100: =A102-47 -> 45335 | B100: =A100 -> 45335 | C100: Carnaval | D100: =D81+1 -> 2024 | E100: NACIONAL | H100: =DATE(K100,5,1)+(14-WEEKDAY(DATE(K100,5,1),2)) -> 45424 | I100: =H100 -> 45424 | J100: Dia das Mães | K100: =K82+1 -> 2024 | L100: NACIONAL
...

Sheet parametros
A1: HOJE | B1: ANO | D1: QTDA DE ANOS | F1: MESES | G1: STATUS | I1: DIREÇÃO | J1: UNIDADE | K1: TIPO | L1: SITUAÇÃO | M1: PERSPECTIVAS | N1: SCORE METAS GLOBAIS | Q1: SCORE ACOMPANHAMENTO METAS | T1: SCORE ACOMPANHAMENTO PLANO DE AÇÃO | X1: SCORE POR COLABORADOR | AA1: META | AB1: PESO | AC1: PLANO | AD1: PESO | AE1: SCORE | AG1: POSIÇÃO | AH1: Diagnóstico (nome curto) | AI1: Leitura objetiva (o que está acontecendo) | AJ1: Frase norteadora (para o empresário) | AK1: Decisão recomendada (próximo passo)
A2: =TODAY() -> 46252 | B2: 2026 | C2: 1 | D2: 1 | E2: 1 | F2: Janeiro | G2: Aguardando Etapa | H2: 0 | I2: Aumentar | J2: Número | K2: Parcial | L2: Atrasado | M2: Perspectiva Financeira | N2: 0.6 | O2: 1 | P2: "Risco de não bater a meta global. Falta clareza de propósito, cadência ou capacidade. Prioridade: reclarificar o objetivo, reorganizar o plano e ativar alianças de suporte." | Q2: 0.6 | R2: 1 | S2: "A meta está em risco. Próximo passo: reclarificar o objetivo, reorganizar o plano de ataque e ativar apoio (alinhamento de time) para retomar a cadência." | T2: 0.6 | U2: 1 | V2: “A execução perdeu tração ou foi interrompida, comprometendo a credibilidade do plano.” | W2: VERMELHO | X2: 0.6 | Y2: 1 | Z2: “Mostra comprometimento consistente e alinhamento com os objetivos definidos.” | AA2: VERDE | AB2: =VLOOKUP(AA2,$R$13:$S$15,2,0) -> #N/A | AC2: VERDE | AD2: =VLOOKUP(AC2,$R$13:$S$15,2,0) -> #N/A | AE2: =IF(AB2>AD2,AD2/AB2,AB2/AD2) -> #N/A | AF2: =_xlfn.CONCAT(AA2,AC2) -> VERDEVERDE | AG2: 1 | AH2: Alinhado e consistente | AI2: Execução e resultado na mesma direção | AJ2: “O plano está funcionando e o resultado confirma. Agora é disciplina para consolidar e escalar.” | AK2: Manter cadência, padronizar o que funciona, aumentar a ambição gradual
A3: "Comunicar o diretor responsável pelo projeto imediatamente." | B3: =B2+1 -> 2027 | C3: 2 | D3: 2 | E3: 2 | F3: Fevereiro | G3: Em Andamento | H3: 0.25 | I3: Diminuir | J3: % | K3: Total | L3: Concluído | M3: Perspectiva de Clientes (Marketing) | N3: 0.79 | O3: 2 | P3: "Tração parcial. Há progresso, mas com vazamentos (processo, foco, capacidade ou funil). Prioridade: ajustar o plano e decidir o próximo passo crítico." | Q3: 0.79 | R3: 2 | S3: "A meta tem progresso, mas não está estável. Próximo passo: decidir o ajuste crítico e executar com persistência (um foco, um dono, um prazo curto)." | T3: 0.79 | U3: 2 | V3: “Há execução, mas sem consistência plena. A falta de cadência ou priorização reduz a força do plano.” | W3: AMARELO | X3: 0.79 | Y3: 2 | Z3: “Apresenta envolvimento pontual, precisando evoluir em autonomia e senso de prioridade.” | AA3: AMARELO | AB3: =VLOOKUP(AA3,$R$13:$S$15,2,0) -> #N/A | AC3: VERDE | AD3: =VLOOKUP(AC3,$R$13:$S$15,2,0) -> #N/A | AE3: =IF(AB3>AD3,AD3/AB3,AB3/AD3) -> #N/A | AF3: =_xlfn.CONCAT(AA3,AC3) -> AMARELO VERDE | AG3: 2 | AH3: Resultado sustentado por inércia | AI3: Resultado bom, mas execução perdeu força | AJ3: “O resultado ainda está bom, mas a execução enfraqueceu. Se não retomar a disciplina, a meta cai.” | AK3: Reforçar rotina, reativar entregas críticas, reduzir dispersão
B4: =B3+1 -> 2028 | C4: 3 | D4: 5 | E4: 3 | F4: Março | G4: Fase de Conclusão | H4: 0.7 | J4: R$ | L4: Em dia | M4: Perspectiva de Processos Internos (Logistica) | N4: 1 | O4: 3 | P4: "Execução consistente. O plano está funcionando. Prioridade: consolidar, padronizar e escalar com disciplina." | Q4: 1 | R4: 3 | S4: "A meta está sob controle e com execução consistente. Próximo passo: consolidar rotina, padronizar o que funcionou e ampliar escala sem perder qualidade." | T4: 1 | U4: 3 | V4: “A execução demonstra maturidade de gestão: ações priorizadas, acompanhamento regular e baixa fricção operacional.” | W4: VERDE | X4: 1 | Y4: 3 | Z4: “O engajamento atual não é compatível com a importância das entregas definidas.” | AA4: VERMELHO | AB4: =VLOOKUP(AA4,$R$13:$S$15,2,0) -> #N/A | AC4: VERDE | AD4: =VLOOKUP(AC4,$R$13:$S$15,2,0) -> #N/A | AE4: =IF(AB4>AD4,AD4/AB4,AB4/AD4) -> #N/A | AF4: =_xlfn.CONCAT(AA4,AC4) -> VERMELHOVERDE | AG4: 3 | AH4: Risco silencioso | AI4: Resultado bom, execução abandonada | AJ4: “Estamos colhendo do passado. Sem execução, esse verde não se sustenta.” | AK4: Retomar plano imediatamente, definir dono/prazo, reinstalar governança
B5: =B4+1 -> 2029 | C5: 4 | E5: 4 | F5: Abril | G5: Finalizado | H5: 1 | L5: Não Iniciado | M5: Perspectiva Aprendizagem (RH) | AA5: VERDE | AB5: =VLOOKUP(AA5,$R$13:$S$15,2,0) -> #N/A | AC5: AMARELO | AD5: =VLOOKUP(AC5,$R$13:$S$15,2,0) -> #N/A | AE5: =IF(AB5>AD5,AD5/AB5,AB5/AD5) -> #N/A | AF5: =_xlfn.CONCAT(AA5,AC5) -> VERDEAMARELO | AG5: 4 | AH5: Defasagem natural (ação → efeito) | AI5: Execução forte, efeito ainda não apareceu | AJ5: “O plano está forte e o resultado ainda está amadurecendo. Persistir e monitorar é melhor do que mudar por ansiedade.” | AK5: Persistir por um ciclo, monitorar indicador líder, checar premissas
B6: =B5+1 -> 2030 | C6: 5 | E6: 5 | F6: Maio | AA6: AMARELO | AB6: =VLOOKUP(AA6,$R$13:$S$15,2,0) -> #N/A | AC6: AMARELO | AD6: =VLOOKUP(AC6,$R$13:$S$15,2,0) -> #N/A | AE6: =IF(AB6>AD6,AD6/AB6,AB6/AD6) -> #N/A | AF6: =_xlfn.CONCAT(AA6,AC6) -> AMARELO AMARELO | AG6: 5 | AH6: Tração parcial | AI6: Tudo avança, mas lento | AJ6: “Há movimento, mas sem tração suficiente. Precisamos de foco em menos ações que gerem mais impacto.” | AK6: Priorizar 1–2 alavancas, cortar ruído, intensificar cadência
B7: =B6+1 -> 2031 | C7: 6 | E7: 6 | F7: Junho | AA7: VERMELHO | AB7: =VLOOKUP(AA7,$R$13:$S$15,2,0) -> #N/A | AC7: VERMELHO | AD7: =VLOOKUP(AC7,$R$13:$S$15,2,0) -> #N/A | AE7: =IF(AB7>AD7,AD7/AB7,AB7/AD7) -> #N/A | AF7: =_xlfn.CONCAT(AA7,AC7) -> VERMELHOVERMELHO | AG7: 6 | AH7: Reação insuficiente | AI7: Resultado morno e execução fraca | AJ7: “O resultado pede reação, mas o plano não está em campo. Precisamos reativar execução com decisão.” | AK7: Replanejar curto, definir 3 entregas, travar rotina semanal
B8: =B7+1 -> 2032 | C8: 7 | E8: 7 | F8: Julho | AA8: VERDE | AB8: =VLOOKUP(AA8,$R$13:$S$15,2,0) -> #N/A | AC8: VERMELHO | AD8: =VLOOKUP(AC8,$R$13:$S$15,2,0) -> #N/A | AE8: =IF(AB8>AD8,AD8/AB8,AB8/AD8) -> #N/A | AF8: =_xlfn.CONCAT(AA8,AC8) -> VERDEVERMELHO | AG8: 7 | AH8: Plano bem executado, alavanca errada | AI8: Execução ótima, resultado ruim | AJ8: “Estamos executando bem… mas talvez a alavanca não seja a correta para essa meta.” | AK8: Redesenhar estratégia/hipótese, trocar alavancas, validar causa-raiz
B9: =B8+1 -> 2033 | C9: 8 | E9: 8 | F9: Agosto | AA9: AMARELO | AB9: =VLOOKUP(AA9,$R$13:$S$15,2,0) -> #N/A | AC9: VERMELHO | AD9: =VLOOKUP(AC9,$R$13:$S$15,2,0) -> #N/A | AE9: =IF(AB9>AD9,AD9/AB9,AB9/AD9) -> #N/A | AF9: =_xlfn.CONCAT(AA9,AC9) -> AMARELO VERMELHO | AG9: 8 | AH9: Zona crítica | AI9: Resultado ruim, execução média | AJ9: “A resposta atual não é forte o bastante para virar o jogo. Precisamos de decisão e ajuste imediato.” | AK9: Aumentar intensidade, reforçar recursos, simplificar plano e atacar gargalo
B10: =B9+1 -> 2034 | C10: 9 | E10: 9 | F10: Setembro | AA10: VERMELHO | AB10: =VLOOKUP(AA10,$R$13:$S$15,2,0) -> #N/A | AC10: VERMELHO | AD10: =VLOOKUP(AC10,$R$13:$S$15,2,0) -> #N/A | AE10: =IF(AB10>AD10,AD10/AB10,AB10/AD10) -> #N/A | AF10: =_xlfn.CONCAT(AA10,AC10) -> VERMELHOVERMELHO | AG10: 9 | AH10: Alerta máximo | AI10: Não há resultado e não há execução
B11: =B10+1 -> 2035 | C11: 10 | E11: 10 | F11: Outubro
B12: =B11+1 -> 2036 | C12: 11 | E12: 11 | F12: Novembro
B13: =B12+1 -> 2037 | C13: 12 | E13: 12 | F13: Dezembro
B14: =B13+1 -> 2038 | C14: 13
B15: =B14+1 -> 2039 | C15: 14
B16: =B15+1 -> 2040 | C16: 15
B17: =B16+1 -> 2041 | C17: 16
B18: =B17+1 -> 2042 | C18: 17
B19: =B18+1 -> 2043 | C19: 18
B20: =B19+1 -> 2044 | C20: 19
B21: =B20+1 -> 2045 | C21: 20

Sheet id_org
C4: Sumário
C6: Dados da Empresa
C8: Nome:
C9: CNPJ:
C10: Endereço:
C11: Setor de atuação:
C12: Tempo de mercado:
C13: Nº de colaboradores:
C14: Faturamento médio:
C16: Ano de ínicio do planejamento | D16: 2026 | G16: Planejamento pára quantos anos? | H16: 1
C18: Diagnóstico Estratégico
C20: Missão
C21: Visão
C22: Valores
C23: Proposta de valor
C24: Principais produtos/serviços
C25: Diferenciais competitivos
C26: Principais Concorrentes
C28: Pontos Fortes | G28: Oportunidades
C35: Pontos Fracos | G35: Ameaças

Sheet equipes
C5: Áreas da Emepresa
C6: Produção
C7: Marketing
C8: Financeiro
C9: Tecnológica
C10: Atendimento
C11: Comercial

Sheet funcionários
C5: Áreas da Emepresa | D5: Cadastro de Funcionários
C6: Produção | D6: NATIELI
C7: Marketing | D7: COLL
C8: Financeiro
C9: Tecnológica
C10: Atendimento
C11: Comercial

Sheet me
C4: Direção | D4: Perspectiva Financeira | G4: Direção | H4: Perspectiva de Clientes (Marketing)
D5: Indicador | E5: Meta Global associada | H5: Indicador | I5: Meta Global associada
C6: Aumentar | D6: Faturamento | E6: Posicionamento premium | G6: Aumentar | H6: Base de clientes recorentes | I6: Posicionamento premium
C7: Aumentar | D7: Tiket Médio | E7: Posicionamento premium | G7: Aumentar | H7: Taxa de recompra (Fidelidade) | I7: Posicionamento premium
G8: Aumentar | H8: Agendamentos pelo instagram e whatsapp | I8: Posicionamento premium
G9: Aumentar | H9: Alavancar Engajamento médio | I9: Posicionamento premium
C15: Direção | D15: Perspectiva de Processos Internos (Logistica) | G15: Direção | H15: Perspectiva Aprendizagem (RH)
D16: Indicador | E16: Meta Global associada | H16: Indicador | I16: Meta Global associada
C17: Aumentar | D17: Crescimento | E17: Posicionamento premium

Sheet mg
C5: Metas globais da empresa | D5: Observações
C6: Posicionamento premium

Sheet est1
C4: Estratégia para | D4: Perspectiva Financeira
D5: 1 | Q5: =_xlfn.CONCAT(Q7,D5) -> Parcial1 | R5: =_xlfn.CONCAT(R7,D5) -> Total1 | T5: 2 | AF5: =_xlfn.CONCAT(AF7,T5) -> Parcial2 | AG5: =_xlfn.CONCAT(AG7,T5) -> Total2 | AI5: 3 | AU5: =_xlfn.CONCAT(AU7,AI5) -> Parcial3 | AV5: =_xlfn.CONCAT(AV7,AI5) -> Total3 | AX5: 4 | BJ5: =_xlfn.CONCAT(BJ7,AX5) -> Parcial4 | BK5: =_xlfn.CONCAT(BK7,AX5) -> Total4 | BM5: 5 | BY5: =_xlfn.CONCAT(BY7,BM5) -> Parcial5 | BZ5: =_xlfn.CONCAT(BZ7,BM5) -> Total5
D6: Ano 1 | T6: Ano 2 | AI6: Ano 3 | AX6: Ano 4 | BM6: Ano 5
B7: =1 -> 1 | C7: Meta 1 | D7: R$ | E7: Jan | F7: Fev | G7: Mar | H7: Abr | I7: Mai | J7: Jun | K7: Jul | L7: Ago | M7: Set | N7: Out | O7: Nov | P7: Dez | Q7: Parcial | R7: Total | T7: Jan | U7: Fev | V7: Mar | W7: Abr | X7: Mai | Y7: Jun | Z7: Jul | AA7: Ago | AB7: Set | AC7: Out | AD7: Nov | AE7: Dez | AF7: Parcial | AG7: Total | AI7: Jan | AJ7: Fev | AK7: Mar | AL7: Abr | AM7: Mai | AN7: Jun | AO7: Jul | AP7: Ago | AQ7: Set | AR7: Out | AS7: Nov | AT7: Dez | AU7: Parcial | AV7: Total | AX7: Jan | AY7: Fev | AZ7: Mar | BA7: Abr | BB7: Mai | BC7: Jun | BD7: Jul | BE7: Ago | BF7: Set | BG7: Out | BH7: Nov | BI7: Dez | BJ7: Parcial | BK7: Total | BM7: Jan | BN7: Fev | BO7: Mar | BP7: Abr | BQ7: Mai | BR7: Jun | BS7: Jul | BT7: Ago | BU7: Set | BV7: Out | BW7: Nov | BX7: Dez | BY7: Parcial | BZ7: Total
A8: =_xlfn.CONCAT(D8,B7) -> Planejado1 | C8: =C59 -> Aumentar: Faturamento | D8: Planejado | Q8: =SUMIF(E86:P86,"=1",E8:P8) -> 0 | R8: =SUM(E8:P8) -> 0 | AF8: =SUMIF(T86:AE86,"=1",T8:AE8) -> 0 | AG8: =SUM(T8:AE8) -> 0 | AU8: =SUMIF(AI86:AT86,"=1",AI8:AT8) -> 0 | AV8: =SUM(AI8:AT8) -> 0 | BJ8: =SUMIF(AX86:BI86,"=1",AX8:BI8) -> 0 | BK8: =SUM(AX8:BI8) -> 0 | BY8: =SUMIF(BM86:BX86,"=1",BM8:BX8) -> 0 | BZ8: =SUM(BM8:BX8) -> 0
A9: =_xlfn.CONCAT(D9,B7) -> Realizado1 | D9: Realizado | Q9: =SUMIF(E86:P86,"=1",E9:P9) -> 0 | R9: =SUM(E9:P9) -> 0 | AF9: =SUMIF(T86:AE86,"=1",T9:AE9) -> 0 | AG9: =SUM(T9:AE9) -> 0 | AU9: =SUMIF(AI86:AT86,"=1",AI9:AT9) -> 0 | AV9: =SUM(AI9:AT9) -> 0 | BJ9: =SUMIF(AX86:BI86,"=1",AX9:BI9) -> 0 | BK9: =SUM(AX9:BI9) -> 0 | BY9: =SUMIF(BM86:BX86,"=1",BM9:BX9) -> 0 | BZ9: =SUM(BM9:BX9) -> 0
D10: Percentual | E10: =IF(OR(ISERR(E9/E8-1),E9=""),"",IF($A59=parametros!$I$3,E8/E9-1,E9/E8-1)) | F10: =IF(OR(ISERR(F9/F8-1),F9=""),"",IF($A59=parametros!$I$3,F8/F9-1,F9/F8-1)) | G10: =IF(OR(ISERR(G9/G8-1),G9=""),"",IF($A59=parametros!$I$3,G8/G9-1,G9/G8-1)) | H10: =IF(OR(ISERR(H9/H8-1),H9=""),"",IF($A59=parametros!$I$3,H8/H9-1,H9/H8-1)) | I10: =IF(OR(ISERR(I9/I8-1),I9=""),"",IF($A59=parametros!$I$3,I8/I9-1,I9/I8-1)) | J10: =IF(OR(ISERR(J9/J8-1),J9=""),"",IF($A59=parametros!$I$3,J8/J9-1,J9/J8-1)) | K10: =IF(OR(ISERR(K9/K8-1),K9=""),"",IF($A59=parametros!$I$3,K8/K9-1,K9/K8-1)) | L10: =IF(OR(ISERR(L9/L8-1),L9=""),"",IF($A59=parametros!$I$3,L8/L9-1,L9/L8-1)) | ... R10: =IF(OR(ISERR(R9/R8-1),R9=""),"",IF($A59=parametros!$I$3,R8/R9-1,R9/R8-1)) | T10: =IF(OR(ISERR(T9/T8-1),T9=""),"",IF($A59=parametros!$I$3,T8/T9-1,T9/T8-1)) | U10: =IF(OR(ISERR(U9/U8-1),U9=""),"",IF($A59=parametros!$I$3,U8/U9-1,U9/U8-1)) | V10: =IF(OR(ISERR(V9/V8-1),V9=""),"",IF($A59=parametros!$I$3,V8/V9-1,V9/V8-1)) | W10: =IF(OR(ISERR(W9/W8-1),W9=""),"",IF($A59=parametros!$I$3,W8/W9-1,W9/W8-1)) | X10: =IF(OR(ISERR(X9/X8-1),X9=""),"",IF($A59=parametros!$I$3,X8/X9-1,X9/X8-1)) | Y10: =IF(OR(ISERR(Y9/Y8-1),Y9=""),"",IF($A59=parametros!$I$3,Y8/Y9-1,Y9/Y8-1)) | Z10: =IF(OR(ISERR(Z9/Z8-1),Z9=""),"",IF($A59=parametros!$I$3,Z8/Z9-1,Z9/Z8-1)) | AA10: =IF(OR(ISERR(AA9/AA8-1),AA9=""),"",IF($A59=parametros!$I$3,AA8/AA9-1,AA9/AA8-1)) | ... AG10: =IF(OR(ISERR(AG9/AG8-1),AG9=""),"",IF($A59=parametros!$I$3,AG8/AG9-1,AG9/AG8-1)) | AI10: =IF(OR(ISERR(AI9/AI8-1),AI9=""),"",IF($A59=parametros!$I$3,AI8/AI9-1,AI9/AI8-1)) | AJ10: =IF(OR(ISERR(AJ9/AJ8-1),AJ9=""),"",IF($A59=parametros!$I$3,AJ8/AJ9-1,AJ9/AJ8-1)) | AK10: =IF(OR(ISERR(AK9/AK8-1),AK9=""),"",IF($A59=parametros!$I$3,AK8/AK9-1,AK9/AK8-1)) | AL10: =IF(OR(ISERR(AL9/AL8-1),AL9=""),"",IF($A59=parametros!$I$3,AL8/AL9-1,AL9/AL8-1)) | AM10: =IF(OR(ISERR(AM9/AM8-1),AM9=""),"",IF($A59=parametros!$I$3,AM8/AM9-1,AM9/AM8-1)) | AN10: =IF(OR(ISERR(AN9/AN8-1),AN9=""),"",IF($A59=parametros!$I$3,AN8/AN9-1,AN9/AN8-1)) | AO10: =IF(OR(ISERR(AO9/AO8-1),AO9=""),"",IF($A59=parametros!$I$3,AO8/AO9-1,AO9/AO8-1)) | AP10: =IF(OR(ISERR(AP9/AP8-1),AP9=""),"",IF($A59=parametros!$I$3,AP8/AP9-1,AP9/AP8-1)) | ... AV10: =IF(OR(ISERR(AV9/AV8-1),AV9=""),"",IF($A59=parametros!$I$3,AV8/AV9-1,AV9/AV8-1)) | AX10: =IF(OR(ISERR(AX9/AX8-1),AX9=""),"",IF($A59=parametros!$I$3,AX8/AX9-1,AX9/AX8-1)) | AY10: =IF(OR(ISERR(AY9/AY8-1),AY9=""),"",IF($A59=parametros!$I$3,AY8/AY9-1,AY9/AY8-1)) | AZ10: =IF(OR(ISERR(AZ9/AZ8-1),AZ9=""),"",IF($A59=parametros!$I$3,AZ8/AZ9-1,AZ9/AZ8-1)) | BA10: =IF(OR(ISERR(BA9/BA8-1),BA9=""),"",IF($A59=parametros!$I$3,BA8/BA9-1,BA9/BA8-1)) | BB10: =IF(OR(ISERR(BB9/BB8-1),BB9=""),"",IF($A59=parametros!$I$3,BB8/BB9-1,BB9/BB8-1)) | BC10: =IF(OR(ISERR(BC9/BC8-1),BC9=""),"",IF($A59=parametros!$I$3,BC8/BC9-1,BC9/BC8-1)) | BD10: =IF(OR(ISERR(BD9/BD8-1),BD9=""),"",IF($A59=parametros!$I$3,BD8/BD9-1,BD9/BD8-1)) | BE10: =IF(OR(ISERR(BE9/BE8-1),BE9=""),"",IF($A59=parametros!$I$3,BE8/BE9-1,BE9/BE8-1)) | ... BK10: =IF(OR(ISERR(BK9/BK8-1),BK9=""),"",IF($A59=parametros!$I$3,BK8/BK9-1,BK9/BK8-1)) | BM10: =IF(OR(ISERR(BM9/BM8-1),BM9=""),"",IF($A59=parametros!$I$3,BM8/BM9-1,BM9/BM8-1)) | BN10: =IF(OR(ISERR(BN9/BN8-1),BN9=""),"",IF($A59=parametros!$I$3,BN8/BN9-1,BN9/BN8-1)) | BO10: =IF(OR(ISERR(BO9/BO8-1),BO9=""),"",IF($A59=parametros!$I$3,BO8/BO9-1,BO9/BO8-1)) | BP10: =IF(OR(ISERR(BP9/BP8-1),BP9=""),"",IF($A59=parametros!$I$3,BP8/BP9-1,BP9/BP8-1)) | BQ10: =IF(OR(ISERR(BQ9/BQ8-1),BQ9=""),"",IF($A59=parametros!$I$3,BQ8/BQ9-1,BQ9/BQ8-1)) | BR10: =IF(OR(ISERR(BR9/BR8-1),BR9=""),"",IF($A59=parametros!$I$3,BR8/BR9-1,BR9/BR8-1)) | BS10: =IF(OR(ISERR(BS9/BS8-1),BS9=""),"",IF($A59=parametros!$I$3,BS8/BS9-1,BS9/BS8-1)) | BT10: =IF(OR(ISERR(BT9/BT8-1),BT9=""),"",IF($A59=parametros!$I$3,BT8/BT9-1,BT9/BT8-1)) | ... BZ10: =IF(OR(ISERR(BZ9/BZ8-1),BZ9=""),"",IF($A59=parametros!$I$3,BZ8/BZ9-1,BZ9/BZ8-1))
B12: =2 -> 2 | C12: Meta 2 | D12: Número | E12: Jan | F12: Fev | G12: Mar | H12: Abr | I12: Mai | J12: Jun | K12: Jul | L12: Ago | M12: Set | N12: Out | O12: Nov | P12: Dez | Q12: Parcial | R12: Total | T12: Jan | U12: Fev | V12: Mar | W12: Abr | X12: Mai | Y12: Jun | Z12: Jul | AA12: Ago | AB12: Set | AC12: Out | AD12: Nov | AE12: Dez | AF12: Parcial | AG12: Total | AI12: Jan | AJ12: Fev | AK12: Mar | AL12: Abr | AM12: Mai | AN12: Jun | AO12: Jul | AP12: Ago | AQ12: Set | AR12: Out | AS12: Nov | AT12: Dez | AU12: Parcial | AV12: Total | AX12: Jan | AY12: Fev | AZ12: Mar | BA12: Abr | BB12: Mai | BC12: Jun | BD12: Jul | BE12: Ago | BF12: Set | BG12: Out | BH12: Nov | BI12: Dez | BJ12: Parcial | BK12: Total | BM12: Jan | BN12: Fev | BO12: Mar | BP12: Abr | BQ12: Mai | BR12: Jun | BS12: Jul | BT12: Ago | BU12: Set | BV12: Out | BW12: Nov | BX12: Dez | BY12: Parcial | BZ12: Total
A13: =_xlfn.CONCAT(D13,B12) -> Planejado2 | C13: =C60 -> Aumentar: Tiket Médio | D13: Planejado | Q13: =SUMIF(E88:P88,"=1",E13:P13) -> 0 | R13: =SUM(E13:P13) -> 0 | AF13: =SUMIF(T88:AE88,"=1",T13:AE13) -> 0 | AG13: =SUM(T13:AE13) -> 0 | AU13: =SUMIF(AI88:AT88,"=1",AI13:AT13) -> 0 | AV13: =SUM(AI13:AT13) -> 0 | BJ13: =SUMIF(AX88:BI88,"=1",AX13:BI13) -> 0 | BK13: =SUM(AX13:BI13) -> 0 | BY13: =SUMIF(BM88:BX88,"=1",BM13:BX13) -> 0 | BZ13: =SUM(BM13:BX13) -> 0
A14: =_xlfn.CONCAT(D14,B12) -> Realizado2 | D14: Realizado | Q14: =SUMIF(E88:P88,"=1",E14:P14) -> 0 | R14: =SUM(E14:P14) -> 0 | AF14: =SUMIF(T88:AE88,"=1",T14:AE14) -> 0 | AG14: =SUM(T14:AE14) -> 0 | AU14: =SUMIF(AI88:AT88,"=1",AI14:AT14) -> 0 | AV14: =SUM(AI14:AT14) -> 0 | BJ14: =SUMIF(AX88:BI88,"=1",AX14:BI14) -> 0 | BK14: =SUM(AX14:BI14) -> 0 | BY14: =SUMIF(BM88:BX88,"=1",BM14:BX14) -> 0 | BZ14: =SUM(BM14:BX14) -> 0
D15: Percentual | E15: =IF(OR(ISERR(E14/E13-1),E14=""),"",IF($A64=parametros!$I$3,E13/E14-1,E14/E13-1)) | F15: =IF(OR(ISERR(F14/F13-1),F14=""),"",IF($A64=parametros!$I$3,F13/F14-1,F14/F13-1)) | G15: =IF(OR(ISERR(G14/G13-1),G14=""),"",IF($A64=parametros!$I$3,G13/G14-1,G14/G13-1)) | H15: =IF(OR(ISERR(H14/H13-1),H14=""),"",IF($A64=parametros!$I$3,H13/H14-1,H14/H13-1)) | I15: =IF(OR(ISERR(I14/I13-1),I14=""),"",IF($A64=parametros!$I$3,I13/I14-1,I14/I13-1)) | J15: =IF(OR(ISERR(J14/J13-1),J14=""),"",IF($A64=parametros!$I$3,J13/J14-1,J14/J13-1)) | K15: =IF(OR(ISERR(K14/K13-1),K14=""),"",IF($A64=parametros!$I$3,K13/K14-1,K14/K13-1)) | L15: =IF(OR(ISERR(L14/L13-1),L14=""),"",IF($A64=parametros!$I$3,L13/L14-1,L14/L13-1)) | ... R15: =IF(OR(ISERR(R14/R13-1),R14=""),"",IF($A64=parametros!$I$3,R13/R14-1,R14/R13-1)) | T15: =IF(OR(ISERR(T14/T13-1),T14=""),"",IF($A64=parametros!$I$3,T13/T14-1,T14/T13-1)) | U15: =IF(OR(ISERR(U14/U13-1),U14=""),"",IF($A64=parametros!$I$3,U13/U14-1,U14/U13-1)) | V15: =IF(OR(ISERR(V14/V13-1),V14=""),"",IF($A64=parametros!$I$3,V13/V14-1,V14/V13-1)) | W15: =IF(OR(ISERR(W14/W13-1),W14=""),"",IF($A64=parametros!$I$3,W13/W14-1,W14/W13-1)) | X15: =IF(OR(ISERR(X14/X13-1),X14=""),"",IF($A64=parametros!$I$3,X13/X14-1,X14/X13-1)) | Y15: =IF(OR(ISERR(Y14/Y13-1),Y14=""),"",IF($A64=parametros!$I$3,Y13/Y14-1,Y14/Y13-1)) | Z15: =IF(OR(ISERR(Z14/Z13-1),Z14=""),"",IF($A64=parametros!$I$3,Z13/Z14-1,Z14/Z13-1)) | AA15: =IF(OR(ISERR(AA14/AA13-1),AA14=""),"",IF($A64=parametros!$I$3,AA13/AA14-1,AA14/AA13-1)) | ... AG15: =IF(OR(ISERR(AG14/AG13-1),AG14=""),"",IF($A64=parametros!$I$3,AG13/AG14-1,AG14/AG13-1)) | AI15: =IF(OR(ISERR(AI14/AI13-1),AI14=""),"",IF($A64=parametros!$I$3,AI13/AI14-1,AI14/AI13-1)) | AJ15: =IF(OR(ISERR(AJ14/AJ13-1),AJ14=""),"",IF($A64=parametros!$I$3,AJ13/AJ14-1,AJ14/AJ13-1)) | AK15: =IF(OR(ISERR(AK14/AK13-1),AK14=""),"",IF($A64=parametros!$I$3,AK13/AK14-1,AK14/AK13-1)) | AL15: =IF(OR(ISERR(AL14/AL13-1),AL14=""),"",IF($A64=parametros!$I$3,AL13/AL14-1,AL14/AL13-1)) | AM15: =IF(OR(ISERR(AM14/AM13-1),AM14=""),"",IF($A64=parametros!$I$3,AM13/AM14-1,AM14/AM13-1)) | AN15: =IF(OR(ISERR(AN14/AN13-1),AN14=""),"",IF($A64=parametros!$I$3,AN13/AN14-1,AN14/AN13-1)) | AO15: =IF(OR(ISERR(AO14/AO13-1),AO14=""),"",IF($A64=parametros!$I$3,AO13/AO14-1,AO14/AO13-1)) | AP15: =IF(OR(ISERR(AP14/AP13-1),AP14=""),"",IF($A64=parametros!$I$3,AP13/AP14-1,AP14/AP13-1)) | ... AV15: =IF(OR(ISERR(AV14/AV13-1),AV14=""),"",IF($A64=parametros!$I$3,AV13/AV14-1,AV14/AV13-1)) | AX15: =IF(OR(ISERR(AX14/AX13-1),AX14=""),"",IF($A64=parametros!$I$3,AX13/AX14-1,AX14/AX13-1)) | AY15: =IF(OR(ISERR(AY14/AY13-1),AY14=""),"",IF($A64=parametros!$I$3,AY13/AY14-1,AY14/AY13-1)) | AZ15: =IF(OR(ISERR(AZ14/AZ13-1),AZ14=""),"",IF($A64=parametros!$I$3,AZ13/AZ14-1,AZ14/AZ13-1)) | BA15: =IF(OR(ISERR(BA14/BA13-1),BA14=""),"",IF($A64=parametros!$I$3,BA13/BA14-1,BA14/BA13-1)) | BB15: =IF(OR(ISERR(BB14/BB13-1),BB14=""),"",IF($A64=parametros!$I$3,BB13/BB14-1,BB14/BB13-1)) | BC15: =IF(OR(ISERR(BC14/BC13-1),BC14=""),"",IF($A64=parametros!$I$3,BC13/BC14-1,BC14/BC13-1)) | BD15: =IF(OR(ISERR(BD14/BD13-1),BD14=""),"",IF($A64=parametros!$I$3,BD13/BD14-1,BD14/BD13-1)) | BE15: =IF(OR(ISERR(BE14/BE13-1),BE14=""),"",IF($A64=parametros!$I$3,BE13/BE14-1,BE14/BE13-1)) | ... BK15: =IF(OR(ISERR(BK14/BK13-1),BK14=""),"",IF($A64=parametros!$I$3,BK13/BK14-1,BK14/BK13-1)) | BM15: =IF(OR(ISERR(BM14/BM13-1),BM14=""),"",IF($A64=parametros!$I$3,BM13/BM14-1,BM14/BM13-1)) | BN15: =IF(OR(ISERR(BN14/BN13-1),BN14=""),"",IF($A64=parametros!$I$3,BN13/BN14-1,BN14/BN13-1)) | BO15: =IF(OR(ISERR(BO14/BO13-1),BO14=""),"",IF($A64=parametros!$I$3,BO13/BO14-1,BO14/BO13-1)) | BP15: =IF(OR(ISERR(BP14/BP13-1),BP14=""),"",IF($A64=parametros!$I$3,BP13/BP14-1,BP14/BP13-1)) | BQ15: =IF(OR(ISERR(BQ14/BQ13-1),BQ14=""),"",IF($A64=parametros!$I$3,BQ13/BQ14-1,BQ14/BQ13-1)) | BR15: =IF(OR(ISERR(BR14/BR13-1),BR14=""),"",IF($A64=parametros!$I$3,BR13/BR14-1,BR14/BR13-1)) | BS15: =IF(OR(ISERR(BS14/BS13-1),BS14=""),"",IF($A64=parametros!$I$3,BS13/BS14-1,BS14/BS13-1)) | BT15: =IF(OR(ISERR(BT14/BT13-1),BT14=""),"",IF($A64=parametros!$I$3,BT13/BT14-1,BT14/BT13-1)) | ... BZ15: =IF(OR(ISERR(BZ14/BZ13-1),BZ14=""),"",IF($A64=parametros!$I$3,BZ13/BZ14-1,BZ14/BZ13-1))
B17: =3 -> 3 | C17: Meta 3 | D17: Número | E17: Jan | F17: Fev | G17: Mar | H17: Abr | I17: Mai | J17: Jun | K17: Jul | L17: Ago | M17: Set | N17: Out | O17: Nov | P17: Dez | Q17: Parcial | R17: Total | T17: Jan | U17: Fev | V17: Mar | W17: Abr | X17: Mai | Y17: Jun | Z17: Jul | AA17: Ago | AB17: Set | AC17: Out | AD17: Nov | AE17: Dez | AF17: Parcial | AG17: Total | AI17: Jan | AJ17: Fev | AK17: Mar | AL17: Abr | AM17: Mai | AN17: Jun | AO17: Jul | AP17: Ago | AQ17: Set | AR17: Out | AS17: Nov | AT17: Dez | AU17: Parcial | AV17: Total | AX17: Jan | AY17: Fev | AZ17: Mar | BA17: Abr | BB17: Mai | BC17: Jun | BD17: Jul | BE17: Ago | BF17: Set | BG17: Out | BH17: Nov | BI17: Dez | BJ17: Parcial | BK17: Total | BM17: Jan | BN17: Fev | BO17: Mar | BP17: Abr | BQ17: Mai | BR17: Jun | BS17: Jul | BT17: Ago | BU17: Set | BV17: Out | BW17: Nov | BX17: Dez | BY17: Parcial | BZ17: Total
A18: =_xlfn.CONCAT(D18,B17) -> Planejado3 | C18: =C61 -> : | D18: Planejado | Q18: =SUMIF(E90:P90,"=1",E18:P18) -> 0 | R18: =SUM(E18:P18) -> 0 | AF18: =SUMIF(T90:AE90,"=1",T18:AE18) -> 0 | AG18: =SUM(T18:AE18) -> 0 | AU18: =SUMIF(AI90:AT90,"=1",AI18:AT18) -> 0 | AV18: =SUM(AI18:AT18) -> 0 | BJ18: =SUMIF(AX90:BI90,"=1",AX18:BI18) -> 0 | BK18: =SUM(AX18:BI18) -> 0 | BY18: =SUMIF(BM90:BX90,"=1",BM18:BX18) -> 0 | BZ18: =SUM(BM18:BX18) -> 0
A19: =_xlfn.CONCAT(D19,B17) -> Realizado3 | D19: Realizado | Q19: =SUMIF(E90:P90,"=1",E19:P19) -> 0 | R19: =SUM(E19:P19) -> 0 | AF19: =SUMIF(T90:AE90,"=1",T19:AE19) -> 0 | AG19: =SUM(T19:AE19) -> 0 | AU19: =SUMIF(AI90:AT90,"=1",AI19:AT19) -> 0 | AV19: =SUM(AI19:AT19) -> 0 | BJ19: =SUMIF(AX90:BI90,"=1",AX19:BI19) -> 0 | BK19: =SUM(AX19:BI19) -> 0 | BY19: =SUMIF(BM90:BX90,"=1",BM19:BX19) -> 0 | BZ19: =SUM(BM19:BX19) -> 0
D20: Percentual | E20: =IF(OR(ISERR(E19/E18-1),E19=""),"",IF($B69=parametros!$I$3,E18/E19-1,E19/E18-1)) | F20: =IF(OR(ISERR(F19/F18-1),F19=""),"",IF($B69=parametros!$I$3,F18/F19-1,F19/F18-1)) | G20: =IF(OR(ISERR(G19/G18-1),G19=""),"",IF($B69=parametros!$I$3,G18/G19-1,G19/G18-1)) | H20: =IF(OR(ISERR(H19/H18-1),H19=""),"",IF($B69=parametros!$I$3,H18/H19-1,H19/H18-1)) | I20: =IF(OR(ISERR(I19/I18-1),I19=""),"",IF($B69=parametros!$I$3,I18/I19-1,I19/I18-1)) | J20: =IF(OR(ISERR(J19/J18-1),J19=""),"",IF($B69=parametros!$I$3,J18/J19-1,J19/J18-1)) | K20: =IF(OR(ISERR(K19/K18-1),K19=""),"",IF($B69=parametros!$I$3,K18/K19-1,K19/K18-1)) | L20: =IF(OR(ISERR(L19/L18-1),L19=""),"",IF($B69=parametros!$I$3,L18/L19-1,L19/L18-1)) | ... R20: =IF(OR(ISERR(R19/R18-1),R19=""),"",IF($B69=parametros!$I$3,R18/R19-1,R19/R18-1)) | T20: =IF(OR(ISERR(T19/T18-1),T19=""),"",IF($B69=parametros!$I$3,T18/T19-1,T19/T18-1)) | U20: =IF(OR(ISERR(U19/U18-1),U19=""),"",IF($B69=parametros!$I$3,U18/U19-1,U19/U18-1)) | V20: =IF(OR(ISERR(V19/V18-1),V19=""),"",IF($B69=parametros!$I$3,V18/V19-1,V19/V18-1)) | W20: =IF(OR(ISERR(W19/W18-1),W19=""),"",IF($B69=parametros!$I$3,W18/W19-1,W19/W18-1)) | X20: =IF(OR(ISERR(X19/X18-1),X19=""),"",IF($B69=parametros!$I$3,X18/X19-1,X19/X18-1)) | Y20: =IF(OR(ISERR(Y19/Y18-1),Y19=""),"",IF($B69=parametros!$I$3,Y18/Y19-1,Y19/Y18-1)) | Z20: =IF(OR(ISERR(Z19/Z18-1),Z19=""),"",IF($B69=parametros!$I$3,Z18/Z19-1,Z19/Z18-1)) | AA20: =IF(OR(ISERR(AA19/AA18-1),AA19=""),"",IF($B69=parametros!$I$3,AA18/AA19-1,AA19/AA18-1)) | ... AG20: =IF(OR(ISERR(AG19/AG18-1),AG19=""),"",IF($B69=parametros!$I$3,AG18/AG19-1,AG19/AG18-1)) | AI20: =IF(OR(ISERR(AI19/AI18-1),AI19=""),"",IF($B69=parametros!$I$3,AI18/AI19-1,AI19/AI18-1)) | AJ20: =IF(OR(ISERR(AJ19/AJ18-1),AJ19=""),"",IF($B69=parametros!$I$3,AJ18/AJ19-1,AJ19/AJ18-1)) | AK20: =IF(OR(ISERR(AK19/AK18-1),AK19=""),"",IF($B69=parametros!$I$3,AK18/AK19-1,AK19/AK18-1)) | AL20: =IF(OR(ISERR(AL19/AL18-1),AL19=""),"",IF($B69=parametros!$I$3,AL18/AL19-1,AL19/AL18-1)) | AM20: =IF(OR(ISERR(AM19/AM18-1),AM19=""),"",IF($B69=parametros!$I$3,AM18/AM19-1,AM19/AM18-1)) | AN20: =IF(OR(ISERR(AN19/AN18-1),AN19=""),"",IF($B69=parametros!$I$3,AN18/AN19-1,AN19/AN18-1)) | AO20: =IF(OR(ISERR(AO19/AO18-1),AO19=""),"",IF($B69=parametros!$I$3,AO18/AO19-1,AO19/AO18-1)) | AP20: =IF(OR(ISERR(AP19/AP18-1),AP19=""),"",IF($B69=parametros!$I$3,AP18/AP19-1,AP19/AP18-1)) | ... AV20: =IF(OR(ISERR(AV19/AV18-1),AV19=""),"",IF($B69=parametros!$I$3,AV18/AV19-1,AV19/AV18-1)) | AX20: =IF(OR(ISERR(AX19/AX18-1),AX19=""),"",IF($B69=parametros!$I$3,AX18/AX19-1,AX19/AX18-1)) | AY20: =IF(OR(ISERR(AY19/AY18-1),AY19=""),"",IF($B69=parametros!$I$3,AY18/AY19-1,AY19/AY18-1)) | AZ20: =IF(OR(ISERR(AZ19/AZ18-1),AZ19=""),"",IF($B69=parametros!$I$3,AZ18/AZ19-1,AZ19/AZ18-1)) | BA20: =IF(OR(ISERR(BA19/BA18-1),BA19=""),"",IF($B69=parametros!$I$3,BA18/BA19-1,BA19/BA18-1)) | BB20: =IF(OR(ISERR(BB19/BB18-1),BB19=""),"",IF($B69=parametros!$I$3,BB18/BB19-1,BB19/BB18-1)) | BC20: =IF(OR(ISERR(BC19/BC18-1),BC19=""),"",IF($B69=parametros!$I$3,BC18/BC19-1,BC19/BC18-1)) | BD20: =IF(OR(ISERR(BD19/BD18-1),BD19=""),"",IF($B69=parametros!$I$3,BD18/BD19-1,BD19/BD18-1)) | BE20: =IF(OR(ISERR(BE19/BE18-1),BE19=""),"",IF($B69=parametros!$I$3,BE18/BE19-1,BE19/BE18-1)) | ... BK20: =IF(OR(ISERR(BK19/BK18-1),BK19=""),"",IF($B69=parametros!$I$3,BK18/BK19-1,BK19/BK18-1)) | BM20: =IF(OR(ISERR(BM19/BM18-1),BM19=""),"",IF($B69=parametros!$I$3,BM18/BM19-1,BM19/BM18-1)) | BN20: =IF(OR(ISERR(BN19/BN18-1),BN19=""),"",IF($B69=parametros!$I$3,BN18/BN19-1,BN19/BN18-1)) | BO20: =IF(OR(ISERR(BO19/BO18-1),BO19=""),"",IF($B69=parametros!$I$3,BO18/BO19-1,BO19/BO18-1)) | BP20: =IF(OR(ISERR(BP19/BP18-1),BP19=""),"",IF($B69=parametros!$I$3,BP18/BP19-1,BP19/BP18-1)) | BQ20: =IF(OR(ISERR(BQ19/BQ18-1),BQ19=""),"",IF($B69=parametros!$I$3,BQ18/BQ19-1,BQ19/BQ18-1)) | BR20: =IF(OR(ISERR(BR19/BR18-1),BR19=""),"",IF($B69=parametros!$I$3,BR18/BR19-1,BR19/BR18-1)) | BS20: =IF(OR(ISERR(BS19/BS18-1),BS19=""),"",IF($B69=parametros!$I$3,BS18/BS19-1,BS19/BS18-1)) | BT20: =IF(OR(ISERR(BT19/BT18-1),BT19=""),"",IF($B69=parametros!$I$3,BT18/BT19-1,BT19/BT18-1)) | ... BZ20: =IF(OR(ISERR(BZ19/BZ18-1),BZ19=""),"",IF($B69=parametros!$I$3,BZ18/BZ19-1,BZ19/BZ18-1))
B22: =4 -> 4 | C22: Meta 4 | D22: Número | E22: Jan | F22: Fev | G22: Mar | H22: Abr | I22: Mai | J22: Jun | K22: Jul | L22: Ago | M22: Set | N22: Out | O22: Nov | P22: Dez | Q22: Parcial | R22: Total | T22: Jan | U22: Fev | V22: Mar | W22: Abr | X22: Mai | Y22: Jun | Z22: Jul | AA22: Ago | AB22: Set | AC22: Out | AD22: Nov | AE22: Dez | AF22: Parcial | AG22: Total | AI22: Jan | AJ22: Fev | AK22: Mar | AL22: Abr | AM22: Mai | AN22: Jun | AO22: Jul | AP22: Ago | AQ22: Set | AR22: Out | AS22: Nov | AT22: Dez | AU22: Parcial | AV22: Total | AX22: Jan | AY22: Fev | AZ22: Mar | BA22: Abr | BB22: Mai | BC22: Jun | BD22: Jul | BE22: Ago | BF22: Set | BG22: Out | BH22: Nov | BI22: Dez | BJ22: Parcial | BK22: Total | BM22: Jan | BN22: Fev | BO22: Mar | BP22: Abr | BQ22: Mai | BR22: Jun | BS22: Jul | BT22: Ago | BU22: Set | BV22: Out | BW22: Nov | BX22: Dez | BY22: Parcial | BZ22: Total
A23: =_xlfn.CONCAT(D23,B22) -> Planejado4 | C23: =C62 -> : | D23: Planejado | Q23: =SUMIF(E92:P92,"=1",E23:P23) -> 0 | R23: =SUM(E23:P23) -> 0 | AF23: =SUMIF(T92:AE92,"=1",T23:AE23) -> 0 | AG23: =SUM(T23:AE23) -> 0 | AU23: =SUMIF(AI92:AT92,"=1",AI23:AT23) -> 0 | AV23: =SUM(AI23:AT23) -> 0 | BJ23: =SUMIF(AX92:BI92,"=1",AX23:BI23) -> 0 | BK23: =SUM(AX23:BI23) -> 0 | BY23: =SUMIF(BM92:BX92,"=1",BM23:BX23) -> 0 | BZ23: =SUM(BM23:BX23) -> 0
A24: =_xlfn.CONCAT(D24,B22) -> Realizado4 | D24: Realizado | Q24: =SUMIF(E92:P92,"=1",E24:P24) -> 0 | R24: =SUM(E24:P24) -> 0 | AF24: =SUMIF(T92:AE92,"=1",T24:AE24) -> 0 | AG24: =SUM(T24:AE24) -> 0 | AU24: =SUMIF(AI92:AT92,"=1",AI24:AT24) -> 0 | AV24: =SUM(AI24:AT24) -> 0 | BJ24: =SUMIF(AX92:BI92,"=1",AX24:BI24) -> 0 | BK24: =SUM(AX24:BI24) -> 0 | BY24: =SUMIF(BM92:BX92,"=1",BM24:BX24) -> 0 | BZ24: =SUM(BM24:BX24) -> 0
D25: Percentual | E25: =IF(OR(ISERR(E24/E23-1),E24=""),"",IF($B74=parametros!$I$3,E23/E24-1,E24/E23-1)) | F25: =IF(OR(ISERR(F24/F23-1),F24=""),"",IF($B74=parametros!$I$3,F23/F24-1,F24/F23-1)) | G25: =IF(OR(ISERR(G24/G23-1),G24=""),"",IF($B74=parametros!$I$3,G23/G24-1,G24/G23-1)) | H25: =IF(OR(ISERR(H24/H23-1),H24=""),"",IF($B74=parametros!$I$3,H23/H24-1,H24/H23-1)) | I25: =IF(OR(ISERR(I24/I23-1),I24=""),"",IF($B74=parametros!$I$3,I23/I24-1,I24/I23-1)) | J25: =IF(OR(ISERR(J24/J23-1),J24=""),"",IF($B74=parametros!$I$3,J23/J24-1,J24/J23-1)) | K25: =IF(OR(ISERR(K24/K23-1),K24=""),"",IF($B74=parametros!$I$3,K23/K24-1,K24/K23-1)) | L25: =IF(OR(ISERR(L24/L23-1),L24=""),"",IF($B74=parametros!$I$3,L23/L24-1,L24/L23-1)) | ... R25: =IF(OR(ISERR(R24/R23-1),R24=""),"",IF($B74=parametros!$I$3,R23/R24-1,R24/R23-1)) | T25: =IF(OR(ISERR(T24/T23-1),T24=""),"",IF($B74=parametros!$I$3,T23/T24-1,T24/T23-1)) | U25: =IF(OR(ISERR(U24/U23-1),U24=""),"",IF($B74=parametros!$I$3,U23/U24-1,U24/U23-1)) | V25: =IF(OR(ISERR(V24/V23-1),V24=""),"",IF($B74=parametros!$I$3,V23/V24-1,V24/V23-1)) | W25: =IF(OR(ISERR(W24/W23-1),W24=""),"",IF($B74=parametros!$I$3,W23/W24-1,W24/W23-1)) | X25: =IF(OR(ISERR(X24/X23-1),X24=""),"",IF($B74=parametros!$I$3,X23/X24-1,X24/X23-1)) | Y25: =IF(OR(ISERR(Y24/Y23-1),Y24=""),"",IF($B74=parametros!$I$3,Y23/Y24-1,Y24/Y23-1)) | Z25: =IF(OR(ISERR(Z24/Z23-1),Z24=""),"",IF($B74=parametros!$I$3,Z23/Z24-1,Z24/Z23-1)) | AA25: =IF(OR(ISERR(AA24/AA23-1),AA24=""),"",IF($B74=parametros!$I$3,AA23/AA24-1,AA24/AA23-1)) | ... AG25: =IF(OR(ISERR(AG24/AG23-1),AG24=""),"",IF($B74=parametros!$I$3,AG23/AG24-1,AG24/AG23-1)) | AI25: =IF(OR(ISERR(AI24/AI23-1),AI24=""),"",IF($B74=parametros!$I$3,AI23/AI24-1,AI24/AI23-1)) | AJ25: =IF(OR(ISERR(AJ24/AJ23-1),AJ24=""),"",IF($B74=parametros!$I$3,AJ23/AJ24-1,AJ24/AJ23-1)) | AK25: =IF(OR(ISERR(AK24/AK23-1),AK24=""),"",IF($B74=parametros!$I$3,AK23/AK24-1,AK24/AK23-1)) | AL25: =IF(OR(ISERR(AL24/AL23-1),AL24=""),"",IF($B74=parametros!$I$3,AL23/AL24-1,AL24/AL23-1)) | AM25: =IF(OR(ISERR(AM24/AM23-1),AM24=""),"",IF($B74=parametros!$I$3,AM23/AM24-1,AM24/AM23-1)) | AN25: =IF(OR(ISERR(AN24/AN23-1),AN24=""),"",IF($B74=parametros!$I$3,AN23/AN24-1,AN24/AN23-1)) | AO25: =IF(OR(ISERR(AO24/AO23-1),AO24=""),"",IF($B74=parametros!$I$3,AO23/AO24-1,AO24/AO23-1)) | AP25: =IF(OR(ISERR(AP24/AP23-1),AP24=""),"",IF($B74=parametros!$I$3,AP23/AP24-1,AP24/AP23-1)) | ... AV25: =IF(OR(ISERR(AV24/AV23-1),AV24=""),"",IF($B74=parametros!$I$3,AV23/AV24-1,AV24/AV23-1)) | AX25: =IF(OR(ISERR(AX24/AX23-1),AX24=""),"",IF($B74=parametros!$I$3,AX23/AX24-1,AX24/AX23-1)) | AY25: =IF(OR(ISERR(AY24/AY23-1),AY24=""),"",IF($B74=parametros!$I$3,AY23/AY24-1,AY24/AY23-1)) | AZ25: =IF(OR(ISERR(AZ24/AZ23-1),AZ24=""),"",IF($B74=parametros!$I$3,AZ23/AZ24-1,AZ24/AZ23-1)) | BA25: =IF(OR(ISERR(BA24/BA23-1),BA24=""),"",IF($B74=parametros!$I$3,BA23/BA24-1,BA24/BA23-1)) | BB25: =IF(OR(ISERR(BB24/BB23-1),BB24=""),"",IF($B74=parametros!$I$3,BB23/BB24-1,BB24/BB23-1)) | BC25: =IF(OR(ISERR(BC24/BC23-1),BC24=""),"",IF($B74=parametros!$I$3,BC23/BC24-1,BC24/BC23-1)) | BD25: =IF(OR(ISERR(BD24/BD23-1),BD24=""),"",IF($B74=parametros!$I$3,BD23/BD24-1,BD24/BD23-1)) | BE25: =IF(OR(ISERR(BE24/BE23-1),BE24=""),"",IF($B74=parametros!$I$3,BE23/BE24-1,BE24/BE23-1)) | ... BK25: =IF(OR(ISERR(BK24/BK23-1),BK24=""),"",IF($B74=parametros!$I$3,BK23/BK24-1,BK24/BK23-1)) | BM25: =IF(OR(ISERR(BM24/BM23-1),BM24=""),"",IF($B74=parametros!$I$3,BM23/BM24-1,BM24/BM23-1)) | BN25: =IF(OR(ISERR(BN24/BN23-1),BN24=""),"",IF($B74=parametros!$I$3,BN23/BN24-1,BN24/BN23-1)) | BO25: =IF(OR(ISERR(BO24/BO23-1),BO24=""),"",IF($B74=parametros!$I$3,BO23/BO24-1,BO24/BO23-1)) | BP25: =IF(OR(ISERR(BP24/BP23-1),BP24=""),"",IF($B74=parametros!$I$3,BP23/BP24-1,BP24/BP23-1)) | BQ25: =IF(OR(ISERR(BQ24/BQ23-1),BQ24=""),"",IF($B74=parametros!$I$3,BQ23/BQ24-1,BQ24/BQ23-1)) | BR25: =IF(OR(ISERR(BR24/BR23-1),BR24=""),"",IF($B74=parametros!$I$3,BR23/BR24-1,BR24/BR23-1)) | BS25: =IF(OR(ISERR(BS24/BS23-1),BS24=""),"",IF($B74=parametros!$I$3,BS23/BS24-1,BS24/BS23-1)) | BT25: =IF(OR(ISERR(BT24/BT23-1),BT24=""),"",IF($B74=parametros!$I$3,BT23/BT24-1,BT24/BT23-1)) | ... BZ25: =IF(OR(ISERR(BZ24/BZ23-1),BZ24=""),"",IF($B74=parametros!$I$3,BZ23/BZ24-1,BZ24/BZ23-1))
B27: =5 -> 5 | C27: Meta 5 | D27: Número | E27: Jan | F27: Fev | G27: Mar | H27: Abr | I27: Mai | J27: Jun | K27: Jul | L27: Ago | M27: Set | N27: Out | O27: Nov | P27: Dez | Q27: Parcial | R27: Total | T27: Jan | U27: Fev | V27: Mar | W27: Abr | X27: Mai | Y27: Jun | Z27: Jul | AA27: Ago | AB27: Set | AC27: Out | AD27: Nov | AE27: Dez | AF27: Parcial | AG27: Total | AI27: Jan | AJ27: Fev | AK27: Mar | AL27: Abr | AM27: Mai | AN27: Jun | AO27: Jul | AP27: Ago | AQ27: Set | AR27: Out | AS27: Nov | AT27: Dez | AU27: Parcial | AV27: Total | AX27: Jan | AY27: Fev | AZ27: Mar | BA27: Abr | BB27: Mai | BC27: Jun | BD27: Jul | BE27: Ago | BF27: Set | BG27: Out | BH27: Nov | BI27: Dez | BJ27: Parcial | BK27: Total | BM27: Jan | BN27: Fev | BO27: Mar | BP27: Abr | BQ27: Mai | BR27: Jun | BS27: Jul | BT27: Ago | BU27: Set | BV27: Out | BW27: Nov | BX27: Dez | BY27: Parcial | BZ27: Total
A28: =_xlfn.CONCAT(D28,B27) -> Planejado5 | C28: =C63 -> : | D28: Planejado | Q28: =SUMIF(E94:P94,"=1",E28:P28) -> 0 | R28: =SUM(E28:P28) -> 0 | AF28: =SUMIF(T94:AE94,"=1",T28:AE28) -> 0 | AG28: =SUM(T28:AE28) -> 0 | AU28: =SUMIF(AI94:AT94,"=1",AI28:AT28) -> 0 | AV28: =SUM(AI28:AT28) -> 0 | BJ28: =SUMIF(AX94:BI94,"=1",AX28:BI28) -> 0 | BK28: =SUM(AX28:BI28) -> 0 | BY28: =SUMIF(BM94:BX94,"=1",BM28:BX28) -> 0 | BZ28: =SUM(BM28:BX28) -> 0
A29: =_xlfn.CONCAT(D29,B27) -> Realizado5 | D29: Realizado | Q29: =SUMIF(E94:P94,"=1",E29:P29) -> 0 | R29: =SUM(E29:P29) -> 0 | AF29: =SUMIF(T94:AE94,"=1",T29:AE29) -> 0 | AG29: =SUM(T29:AE29) -> 0 | AU29: =SUMIF(AI94:AT94,"=1",AI29:AT29) -> 0 | AV29: =SUM(AI29:AT29) -> 0 | BJ29: =SUMIF(AX94:BI94,"=1",AX29:BI29) -> 0 | BK29: =SUM(AX29:BI29) -> 0 | BY29: =SUMIF(BM94:BX94,"=1",BM29:BX29) -> 0 | BZ29: =SUM(BM29:BX29) -> 0
D30: Percentual | E30: =IF(OR(ISERR(E29/E28-1),E29=""),"",IF($B79=parametros!$I$3,E28/E29-1,E29/E28-1)) | F30: =IF(OR(ISERR(F29/F28-1),F29=""),"",IF($B79=parametros!$I$3,F28/F29-1,F29/F28-1)) | G30: =IF(OR(ISERR(G29/G28-1),G29=""),"",IF($B79=parametros!$I$3,G28/G29-1,G29/G28-1)) | H30: =IF(OR(ISERR(H29/H28-1),H29=""),"",IF($B79=parametros!$I$3,H28/H29-1,H29/H28-1)) | I30: =IF(OR(ISERR(I29/I28-1),I29=""),"",IF($B79=parametros!$I$3,I28/I29-1,I29/I28-1)) | J30: =IF(OR(ISERR(J29/J28-1),J29=""),"",IF($B79=parametros!$I$3,J28/J29-1,J29/J28-1)) | K30: =IF(OR(ISERR(K29/K28-1),K29=""),"",IF($B79=parametros!$I$3,K28/K29-1,K29/K28-1)) | L30: =IF(OR(ISERR(L29/L28-1),L29=""),"",IF($B79=parametros!$I$3,L28/L29-1,L29/L28-1)) | ... R30: =IF(OR(ISERR(R29/R28-1),R29=""),"",IF($B79=parametros!$I$3,R28/R29-1,R29/R28-1)) | T30: =IF(OR(ISERR(T29/T28-1),T29=""),"",IF($B79=parametros!$I$3,T28/T29-1,T29/T28-1)) | U30: =IF(OR(ISERR(U29/U28-1),U29=""),"",IF($B79=parametros!$I$3,U28/U29-1,U29/U28-1)) | V30: =IF(OR(ISERR(V29/V28-1),V29=""),"",IF($B79=parametros!$I$3,V28/V29-1,V29/V28-1)) | W30: =IF(OR(ISERR(W29/W28-1),W29=""),"",IF($B79=parametros!$I$3,W28/W29-1,W29/W28-1)) | X30: =IF(OR(ISERR(X29/X28-1),X29=""),"",IF($B79=parametros!$I$3,X28/X29-1,X29/X28-1)) | Y30: =IF(OR(ISERR(Y29/Y28-1),Y29=""),"",IF($B79=parametros!$I$3,Y28/Y29-1,Y29/Y28-1)) | Z30: =IF(OR(ISERR(Z29/Z28-1),Z29=""),"",IF($B79=parametros!$I$3,Z28/Z29-1,Z29/Z28-1)) | AA30: =IF(OR(ISERR(AA29/AA28-1),AA29=""),"",IF($B79=parametros!$I$3,AA28/AA29-1,AA29/AA28-1)) | ... AG30: =IF(OR(ISERR(AG29/AG28-1),AG29=""),"",IF($B79=parametros!$I$3,AG28/AG29-1,AG29/AG28-1)) | AI30: =IF(OR(ISERR(AI29/AI28-1),AI29=""),"",IF($B79=parametros!$I$3,AI28/AI29-1,AI29/AI28-1)) | AJ30: =IF(OR(ISERR(AJ29/AJ28-1),AJ29=""),"",IF($B79=parametros!$I$3,AJ28/AJ29-1,AJ29/AJ28-1)) | AK30: =IF(OR(ISERR(AK29/AK28-1),AK29=""),"",IF($B79=parametros!$I$3,AK28/AK29-1,AK29/AK28-1)) | AL30: =IF(OR(ISERR(AL29/AL28-1),AL29=""),"",IF($B79=parametros!$I$3,AL28/AL29-1,AL29/AL28-1)) | AM30: =IF(OR(ISERR(AM29/AM28-1),AM29=""),"",IF($B79=parametros!$I$3,AM28/AM29-1,AM29/AM28-1)) | AN30: =IF(OR(ISERR(AN29/AN28-1),AN29=""),"",IF($B79=parametros!$I$3,AN28/AN29-1,AN29/AN28-1)) | AO30: =IF(OR(ISERR(AO29/AO28-1),AO29=""),"",IF($B79=parametros!$I$3,AO28/AO29-1,AO29/AO28-1)) | AP30: =IF(OR(ISERR(AP29/AP28-1),AP29=""),"",IF($B79=parametros!$I$3,AP28/AP29-1,AP29/AP28-1)) | ... AV30: =IF(OR(ISERR(AV29/AV28-1),AV29=""),"",IF($B79=parametros!$I$3,AV28/AV29-1,AV29/AV28-1)) | AX30: =IF(OR(ISERR(AX29/AX28-1),AX29=""),"",IF($B79=parametros!$I$3,AX28/AX29-1,AX29/AX28-1)) | AY30: =IF(OR(ISERR(AY29/AY28-1),AY29=""),"",IF($B79=parametros!$I$3,AY28/AY29-1,AY29/AY28-1)) | AZ30: =IF(OR(ISERR(AZ29/AZ28-1),AZ29=""),"",IF($B79=parametros!$I$3,AZ28/AZ29-1,AZ29/AZ28-1)) | BA30: =IF(OR(ISERR(BA29/BA28-1),BA29=""),"",IF($B79=parametros!$I$3,BA28/BA29-1,BA29/BA28-1)) | BB30: =IF(OR(ISERR(BB29/BB28-1),BB29=""),"",IF($B79=parametros!$I$3,BB28/BB29-1,BB29/BB28-1)) | BC30: =IF(OR(ISERR(BC29/BC28-1),BC29=""),"",IF($B79=parametros!$I$3,BC28/BC29-1,BC29/BC28-1)) | BD30: =IF(OR(ISERR(BD29/BD28-1),BD29=""),"",IF($B79=parametros!$I$3,BD28/BD29-1,BD29/BD28-1)) | BE30: =IF(OR(ISERR(BE29/BE28-1),BE29=""),"",IF($B79=parametros!$I$3,BE28/BE29-1,BE29/BE28-1)) | ... BK30: =IF(OR(ISERR(BK29/BK28-1),BK29=""),"",IF($B79=parametros!$I$3,BK28/BK29-1,BK29/BK28-1)) | BM30: =IF(OR(ISERR(BM29/BM28-1),BM29=""),"",IF($B79=parametros!$I$3,BM28/BM29-1,BM29/BM28-1)) | BN30: =IF(OR(ISERR(BN29/BN28-1),BN29=""),"",IF($B79=parametros!$I$3,BN28/BN29-1,BN29/BN28-1)) | BO30: =IF(OR(ISERR(BO29/BO28-1),BO29=""),"",IF($B79=parametros!$I$3,BO28/BO29-1,BO29/BO28-1)) | BP30: =IF(OR(ISERR(BP29/BP28-1),BP29=""),"",IF($B79=parametros!$I$3,BP28/BP29-1,BP29/BP28-1)) | BQ30: =IF(OR(ISERR(BQ29/BQ28-1),BQ29=""),"",IF($B79=parametros!$I$3,BQ28/BQ29-1,BQ29/BQ28-1)) | BR30: =IF(OR(ISERR(BR29/BR28-1),BR29=""),"",IF($B79=parametros!$I$3,BR28/BR29-1,BR29/BR28-1)) | BS30: =IF(OR(ISERR(BS29/BS28-1),BS29=""),"",IF($B79=parametros!$I$3,BS28/BS29-1,BS29/BS28-1)) | BT30: =IF(OR(ISERR(BT29/BT28-1),BT29=""),"",IF($B79=parametros!$I$3,BT28/BT29-1,BT29/BT28-1)) | ... BZ30: =IF(OR(ISERR(BZ29/BZ28-1),BZ29=""),"",IF($B79=parametros!$I$3,BZ28/BZ29-1,BZ29/BZ28-1))
B32: =6 -> 6 | C32: Meta 6 | D32: Número | E32: Jan | F32: Fev | G32: Mar | H32: Abr | I32: Mai | J32: Jun | K32: Jul | L32: Ago | M32: Set | N32: Out | O32: Nov | P32: Dez | Q32: Parcial | R32: Total | T32: Jan | U32: Fev | V32: Mar | W32: Abr | X32: Mai | Y32: Jun | Z32: Jul | AA32: Ago | AB32: Set | AC32: Out | AD32: Nov | AE32: Dez | AF32: Parcial | AG32: Total | AI32: Jan | AJ32: Fev | AK32: Mar | AL32: Abr | AM32: Mai | AN32: Jun | AO32: Jul | AP32: Ago | AQ32: Set | AR32: Out | AS32: Nov | AT32: Dez | AU32: Parcial | AV32: Total | AX32: Jan | AY32: Fev | AZ32: Mar | BA32: Abr | BB32: Mai | BC32: Jun | BD32: Jul | BE32: Ago | BF32: Set | BG32: Out | BH32: Nov | BI32: Dez | BJ32: Parcial | BK32: Total | BM32: Jan | BN32: Fev | BO32: Mar | BP32: Abr | BQ32: Mai | BR32: Jun | BS32: Jul | BT32: Ago | BU32: Set | BV32: Out | BW32: Nov | BX32: Dez | BY32: Parcial | BZ32: Total
A33: =_xlfn.CONCAT(D33,B32) -> Planejado6 | C33: =C64 -> : | D33: Planejado | Q33: =SUMIF(E96:P96,"=1",E33:P33) -> 0 | R33: =SUM(E33:P33) -> 0 | AF33: =SUMIF(T96:AE96,"=1",T33:AE33) -> 0 | AG33: =SUM(T33:AE33) -> 0 | AU33: =SUMIF(AI96:AT96,"=1",AI33:AT33) -> 0 | AV33: =SUM(AI33:AT33) -> 0 | BJ33: =SUMIF(AX96:BI96,"=1",AX33:BI33) -> 0 | BK33: =SUM(AX33:BI33) -> 0 | BY33: =SUMIF(BM96:BX96,"=1",BM33:BX33) -> 0 | BZ33: =SUM(BM33:BX33) -> 0
A34: =_xlfn.CONCAT(D34,B32) -> Realizado6 | D34: Realizado | Q34: =SUMIF(E96:P96,"=1",E34:P34) -> 0 | R34: =SUM(E34:P34) -> 0 | AF34: =SUMIF(T96:AE96,"=1",T34:AE34) -> 0 | AG34: =SUM(T34:AE34) -> 0 | AU34: =SUMIF(AI96:AT96,"=1",AI34:AT34) -> 0 | AV34: =SUM(AI34:AT34) -> 0 | BJ34: =SUMIF(AX96:BI96,"=1",AX34:BI34) -> 0 | BK34: =SUM(AX34:BI34) -> 0 | BY34: =SUMIF(BM96:BX96,"=1",BM34:BX34) -> 0 | BZ34: =SUM(BM34:BX34) -> 0
D35: Percentual | E35: =IF(OR(ISERR(E34/E33-1),E34=""),"",IF($B85=parametros!$I$3,E33/E34-1,E34/E33-1)) | F35: =IF(OR(ISERR(F34/F33-1),F34=""),"",IF($B85=parametros!$I$3,F33/F34-1,F34/F33-1)) | G35: =IF(OR(ISERR(G34/G33-1),G34=""),"",IF($B85=parametros!$I$3,G33/G34-1,G34/G33-1)) | H35: =IF(OR(ISERR(H34/H33-1),H34=""),"",IF($B85=parametros!$I$3,H33/H34-1,H34/H33-1)) | I35: =IF(OR(ISERR(I34/I33-1),I34=""),"",IF($B85=parametros!$I$3,I33/I34-1,I34/I33-1)) | J35: =IF(OR(ISERR(J34/J33-1),J34=""),"",IF($B85=parametros!$I$3,J33/J34-1,J34/J33-1)) | K35: =IF(OR(ISERR(K34/K33-1),K34=""),"",IF($B85=parametros!$I$3,K33/K34-1,K34/K33-1)) | L35: =IF(OR(ISERR(L34/L33-1),L34=""),"",IF($B85=parametros!$I$3,L33/L34-1,L34/L33-1)) | ... R35: =IF(OR(ISERR(R34/R33-1),R34=""),"",IF($B85=parametros!$I$3,R33/R34-1,R34/R33-1)) | T35: =IF(OR(ISERR(T34/T33-1),T34=""),"",IF($B85=parametros!$I$3,T33/T34-1,T34/T33-1)) | U35: =IF(OR(ISERR(U34/U33-1),U34=""),"",IF($B85=parametros!$I$3,U33/U34-1,U34/U33-1)) | V35: =IF(OR(ISERR(V34/V33-1),V34=""),"",IF($B85=parametros!$I$3,V33/V34-1,V34/V33-1)) | W35: =IF(OR(ISERR(W34/W33-1),W34=""),"",IF($B85=parametros!$I$3,W33/W34-1,W34/W33-1)) | X35: =IF(OR(ISERR(X34/X33-1),X34=""),"",IF($B85=parametros!$I$3,X33/X34-1,X34/X33-1)) | Y35: =IF(OR(ISERR(Y34/Y33-1),Y34=""),"",IF($B85=parametros!$I$3,Y33/Y34-1,Y34/Y33-1)) | Z35: =IF(OR(ISERR(Z34/Z33-1),Z34=""),"",IF($B85=parametros!$I$3,Z33/Z34-1,Z34/Z33-1)) | AA35: =IF(OR(ISERR(AA34/AA33-1),AA34=""),"",IF($B85=parametros!$I$3,AA33/AA34-1,AA34/AA33-1)) | ... AG35: =IF(OR(ISERR(AG34/AG33-1),AG34=""),"",IF($B85=parametros!$I$3,AG33/AG34-1,AG34/AG33-1)) | AI35: =IF(OR(ISERR(AI34/AI33-1),AI34=""),"",IF($B85=parametros!$I$3,AI33/AI34-1,AI34/AI33-1)) | AJ35: =IF(OR(ISERR(AJ34/AJ33-1),AJ34=""),"",IF($B85=parametros!$I$3,AJ33/AJ34-1,AJ34/AJ33-1)) | AK35: =IF(OR(ISERR(AK34/AK33-1),AK34=""),"",IF($B85=parametros!$I$3,AK33/AK34-1,AK34/AK33-1)) | AL35: =IF(OR(ISERR(AL34/AL33-1),AL34=""),"",IF($B85=parametros!$I$3,AL33/AL34-1,AL34/AL33-1)) | AM35: =IF(OR(ISERR(AM34/AM33-1),AM34=""),"",IF($B85=parametros!$I$3,AM33/AM34-1,AM34/AM33-1)) | AN35: =IF(OR(ISERR(AN34/AN33-1),AN34=""),"",IF($B85=parametros!$I$3,AN33/AN34-1,AN34/AN33-1)) | AO35: =IF(OR(ISERR(AO34/AO33-1),AO34=""),"",IF($B85=parametros!$I$3,AO33/AO34-1,AO34/AO33-1)) | AP35: =IF(OR(ISERR(AP34/AP33-1),AP34=""),"",IF($B85=parametros!$I$3,AP33/AP34-1,AP34/AP33-1)) | ... AV35: =IF(OR(ISERR(AV34/AV33-1),AV34=""),"",IF($B85=parametros!$I$3,AV33/AV34-1,AV34/AV33-1)) | AX35: =IF(OR(ISERR(AX34/AX33-1),AX34=""),"",IF($B85=parametros!$I$3,AX33/AX34-1,AX34/AX33-1)) | AY35: =IF(OR(ISERR(AY34/AY33-1),AY34=""),"",IF($B85=parametros!$I$3,AY33/AY34-1,AY34/AY33-1)) | AZ35: =IF(OR(ISERR(AZ34/AZ33-1),AZ34=""),"",IF($B85=parametros!$I$3,AZ33/AZ34-1,AZ34/AZ33-1)) | BA35: =IF(OR(ISERR(BA34/BA33-1),BA34=""),"",IF($B85=parametros!$I$3,BA33/BA34-1,BA34/BA33-1)) | BB35: =IF(OR(ISERR(BB34/BB33-1),BB34=""),"",IF($B85=parametros!$I$3,BB33/BB34-1,BB34/BB33-1)) | BC35: =IF(OR(ISERR(BC34/BC33-1),BC34=""),"",IF($B85=parametros!$I$3,BC33/BC34-1,BC34/BC33-1)) | BD35: =IF(OR(ISERR(BD34/BD33-1),BD34=""),"",IF($B85=parametros!$I$3,BD33/BD34-1,BD34/BD33-1)) | BE35: =IF(OR(ISERR(BE34/BE33-1),BE34=""),"",IF($B85=parametros!$I$3,BE33/BE34-1,BE34/BE33-1)) | ... BK35: =IF(OR(ISERR(BK34/BK33-1),BK34=""),"",IF($B85=parametros!$I$3,BK33/BK34-1,BK34/BK33-1)) | BM35: =IF(OR(ISERR(BM34/BM33-1),BM34=""),"",IF($B85=parametros!$I$3,BM33/BM34-1,BM34/BM33-1)) | BN35: =IF(OR(ISERR(BN34/BN33-1),BN34=""),"",IF($B85=parametros!$I$3,BN33/BN34-1,BN34/BN33-1)) | BO35: =IF(OR(ISERR(BO34/BO33-1),BO34=""),"",IF($B85=parametros!$I$3,BO33/BO34-1,BO34/BO33-1)) | BP35: =IF(OR(ISERR(BP34/BP33-1),BP34=""),"",IF($B85=parametros!$I$3,BP33/BP34-1,BP34/BP33-1)) | BQ35: =IF(OR(ISERR(BQ34/BQ33-1),BQ34=""),"",IF($B85=parametros!$I$3,BQ33/BQ34-1,BQ34/BQ33-1)) | BR35: =IF(OR(ISERR(BR34/BR33-1),BR34=""),"",IF($B85=parametros!$I$3,BR33/BR34-1,BR34/BR33-1)) | BS35: =IF(OR(ISERR(BS34/BS33-1),BS34=""),"",IF($B85=parametros!$I$3,BS33/BS34-1,BS34/BS33-1)) | BT35: =IF(OR(ISERR(BT34/BT33-1),BT34=""),"",IF($B85=parametros!$I$3,BT33/BT34-1,BT34/BT33-1)) | ... BZ35: =IF(OR(ISERR(BZ34/BZ33-1),BZ34=""),"",IF($B85=parametros!$I$3,BZ33/BZ34-1,BZ34/BZ33-1))
B37: =7 -> 7 | C37: Meta 7 | D37: Número | E37: Jan | F37: Fev | G37: Mar | H37: Abr | I37: Mai | J37: Jun | K37: Jul | L37: Ago | M37: Set | N37: Out | O37: Nov | P37: Dez | Q37: Parcial | R37: Total | T37: Jan | U37: Fev | V37: Mar | W37: Abr | X37: Mai | Y37: Jun | Z37: Jul | AA37: Ago | AB37: Set | AC37: Out | AD37: Nov | AE37: Dez | AF37: Parcial | AG37: Total | AI37: Jan | AJ37: Fev | AK37: Mar | AL37: Abr | AM37: Mai | AN37: Jun | AO37: Jul | AP37: Ago | AQ37: Set | AR37: Out | AS37: Nov | AT37: Dez | AU37: Parcial | AV37: Total | AX37: Jan | AY37: Fev | AZ37: Mar | BA37: Abr | BB37: Mai | BC37: Jun | BD37: Jul | BE37: Ago | BF37: Set | BG37: Out | BH37: Nov | BI37: Dez | BJ37: Parcial | BK37: Total | BM37: Jan | BN37: Fev | BO37: Mar | BP37: Abr | BQ37: Mai | BR37: Jun | BS37: Jul | BT37: Ago | BU37: Set | BV37: Out | BW37: Nov | BX37: Dez | BY37: Parcial | BZ37: Total
A38: =_xlfn.CONCAT(D38,B37) -> Planejado7 | C38: =C65 -> : | D38: Planejado | Q38: =SUMIF(E98:P98,"=1",E38:P38) -> 0 | R38: =SUM(E38:P38) -> 0 | AF38: =SUMIF(T98:AE98,"=1",T38:AE38) -> 0 | AG38: =SUM(T38:AE38) -> 0 | AU38: =SUMIF(AI98:AT98,"=1",AI38:AT38) -> 0 | AV38: =SUM(AI38:AT38) -> 0 | BJ38: =SUMIF(AX98:BI98,"=1",AX38:BI38) -> 0 | BK38: =SUM(AX38:BI38) -> 0 | BY38: =SUMIF(BM98:BX98,"=1",BM38:BX38) -> 0 | BZ38: =SUM(BM38:BX38) -> 0
A39: =_xlfn.CONCAT(D39,B37) -> Realizado7 | D39: Realizado | Q39: =SUMIF(E98:P98,"=1",E39:P39) -> 0 | R39: =SUM(E39:P39) -> 0 | AF39: =SUMIF(T98:AE98,"=1",T39:AE39) -> 0 | AG39: =SUM(T39:AE39) -> 0 | AU39: =SUMIF(AI98:AT98,"=1",AI39:AT39) -> 0 | AV39: =SUM(AI39:AT39) -> 0 | BJ39: =SUMIF(AX98:BI98,"=1",AX39:BI39) -> 0 | BK39: =SUM(AX39:BI39) -> 0 | BY39: =SUMIF(BM98:BX98,"=1",BM39:BX39) -> 0 | BZ39: =SUM(BM39:BX39) -> 0
D40: Percentual | E40: =IF(OR(ISERR(E39/E38-1),E39=""),"",IF($B90=parametros!$I$3,E38/E39-1,E39/E38-1)) | F40: =IF(OR(ISERR(F39/F38-1),F39=""),"",IF($B90=parametros!$I$3,F38/F39-1,F39/F38-1)) | G40: =IF(OR(ISERR(G39/G38-1),G39=""),"",IF($B90=parametros!$I$3,G38/G39-1,G39/G38-1)) | H40: =IF(OR(ISERR(H39/H38-1),H39=""),"",IF($B90=parametros!$I$3,H38/H39-1,H39/H38-1)) | I40: =IF(OR(ISERR(I39/I38-1),I39=""),"",IF($B90=parametros!$I$3,I38/I39-1,I39/I38-1)) | J40: =IF(OR(ISERR(J39/J38-1),J39=""),"",IF($B90=parametros!$I$3,J38/J39-1,J39/J38-1)) | K40: =IF(OR(ISERR(K39/K38-1),K39=""),"",IF($B90=parametros!$I$3,K38/K39-1,K39/K38-1)) | L40: =IF(OR(ISERR(L39/L38-1),L39=""),"",IF($B90=parametros!$I$3,L38/L39-1,L39/L38-1)) | ... R40: =IF(OR(ISERR(R39/R38-1),R39=""),"",IF($B90=parametros!$I$3,R38/R39-1,R39/R38-1)) | T40: =IF(OR(ISERR(T39/T38-1),T39=""),"",IF($B90=parametros!$I$3,T38/T39-1,T39/T38-1)) | U40: =IF(OR(ISERR(U39/U38-1),U39=""),"",IF($B90=parametros!$I$3,U38/U39-1,U39/U38-1)) | V40: =IF(OR(ISERR(V39/V38-1),V39=""),"",IF($B90=parametros!$I$3,V38/V39-1,V39/V38-1)) | W40: =IF(OR(ISERR(W39/W38-1),W39=""),"",IF($B90=parametros!$I$3,W38/W39-1,W39/W38-1)) | X40: =IF(OR(ISERR(X39/X38-1),X39=""),"",IF($B90=parametros!$I$3,X38/X39-1,X39/X38-1)) | Y40: =IF(OR(ISERR(Y39/Y38-1),Y39=""),"",IF($B90=parametros!$I$3,Y38/Y39-1,Y39/Y38-1)) | Z40: =IF(OR(ISERR(Z39/Z38-1),Z39=""),"",IF($B90=parametros!$I$3,Z38/Z39-1,Z39/Z38-1)) | AA40: =IF(OR(ISERR(AA39/AA38-1),AA39=""),"",IF($B90=parametros!$I$3,AA38/AA39-1,AA39/AA38-1)) | ... AG40: =IF(OR(ISERR(AG39/AG38-1),AG39=""),"",IF($B90=parametros!$I$3,AG38/AG39-1,AG39/AG38-1)) | AI40: =IF(OR(ISERR(AI39/AI38-1),AI39=""),"",IF($B90=parametros!$I$3,AI38/AI39-1,AI39/AI38-1)) | AJ40: =IF(OR(ISERR(AJ39/AJ38-1),AJ39=""),"",IF($B90=parametros!$I$3,AJ38/AJ39-1,AJ39/AJ38-1)) | AK40: =IF(OR(ISERR(AK39/AK38-1),AK39=""),"",IF($B90=parametros!$I$3,AK38/AK39-1,AK39/AK38-1)) | AL40: =IF(OR(ISERR(AL39/AL38-1),AL39=""),"",IF($B90=parametros!$I$3,AL38/AL39-1,AL39/AL38-1)) | AM40: =IF(OR(ISERR(AM39/AM38-1),AM39=""),"",IF($B90=parametros!$I$3,AM38/AM39-1,AM39/AM38-1)) | AN40: =IF(OR(ISERR(AN39/AN38-1),AN39=""),"",IF($B90=parametros!$I$3,AN38/AN39-1,AN39/AN38-1)) | AO40: =IF(OR(ISERR(AO39/AO38-1),AO39=""),"",IF($B90=parametros!$I$3,AO38/AO39-1,AO39/AO38-1)) | AP40: =IF(OR(ISERR(AP39/AP38-1),AP39=""),"",IF($B90=parametros!$I$3,AP38/AP39-1,AP39/AP38-1)) | ... AV40: =IF(OR(ISERR(AV39/AV38-1),AV39=""),"",IF($B90=parametros!$I$3,AV38/AV39-1,AV39/AV38-1)) | AX40: =IF(OR(ISERR(AX39/AX38-1),AX39=""),"",IF($B90=parametros!$I$3,AX38/AX39-1,AX39/AX38-1)) | AY40: =IF(OR(ISERR(AY39/AY38-1),AY39=""),"",IF($B90=parametros!$I$3,AY38/AY39-1,AY39/AY38-1)) | AZ40: =IF(OR(ISERR(AZ39/AZ38-1),AZ39=""),"",IF($B90=parametros!$I$3,AZ38/AZ39-1,AZ39/AZ38-1)) | BA40: =IF(OR(ISERR(BA39/BA38-1),BA39=""),"",IF($B90=parametros!$I$3,BA38/BA39-1,BA39/BA38-1)) | BB40: =IF(OR(ISERR(BB39/BB38-1),BB39=""),"",IF($B90=parametros!$I$3,BB38/BB39-1,BB39/BB38-1)) | BC40: =IF(OR(ISERR(BC39/BC38-1),BC39=""),"",IF($B90=parametros!$I$3,BC38/BC39-1,BC39/BC38-1)) | BD40: =IF(OR(ISERR(BD39/BD38-1),BD39=""),"",IF($B90=parametros!$I$3,BD38/BD39-1,BD39/BD38-1)) | BE40: =IF(OR(ISERR(BE39/BE38-1),BE39=""),"",IF($B90=parametros!$I$3,BE38/BE39-1,BE39/BE38-1)) | ... BK40: =IF(OR(ISERR(BK39/BK38-1),BK39=""),"",IF($B90=parametros!$I$3,BK38/BK39-1,BK39/BK38-1)) | BM40: =IF(OR(ISERR(BM39/BM38-1),BM39=""),"",IF($B90=parametros!$I$3,BM38/BM39-1,BM39/BM38-1)) | BN40: =IF(OR(ISERR(BN39/BN38-1),BN39=""),"",IF($B90=parametros!$I$3,BN38/BN39-1,BN39/BN38-1)) | BO40: =IF(OR(ISERR(BO39/BO38-1),BO39=""),"",IF($B90=parametros!$I$3,BO38/BO39-1,BO39/BO38-1)) | BP40: =IF(OR(ISERR(BP39/BP38-1),BP39=""),"",IF($B90=parametros!$I$3,BP38/BP39-1,BP39/BP38-1)) | BQ40: =IF(OR(ISERR(BQ39/BQ38-1),BQ39=""),"",IF($B90=parametros!$I$3,BQ38/BQ39-1,BQ39/BQ38-1)) | BR40: =IF(OR(ISERR(BR39/BR38-1),BR39=""),"",IF($B90=parametros!$I$3,BR38/BR39-1,BR39/BR38-1)) | BS40: =IF(OR(ISERR(BS39/BS38-1),BS39=""),"",IF($B90=parametros!$I$3,BS38/BS39-1,BS39/BS38-1)) | BT40: =IF(OR(ISERR(BT39/BT38-1),BT39=""),"",IF($B90=parametros!$I$3,BT38/BT39-1,BT39/BT38-1)) | ... BZ40: =IF(OR(ISERR(BZ39/BZ38-1),BZ39=""),"",IF($B90=parametros!$I$3,BZ38/BZ39-1,BZ39/BZ38-1))
B42: =8 -> 8 | C42: Meta 8 | D42: Número | E42: Jan | F42: Fev | G42: Mar | H42: Abr | I42: Mai | J42: Jun | K42: Jul | L42: Ago | M42: Set | N42: Out | O42: Nov | P42: Dez | Q42: Parcial | R42: Total | T42: Jan | U42: Fev | V42: Mar | W42: Abr | X42: Mai | Y42: Jun | Z42: Jul | AA42: Ago | AB42: Set | AC42: Out | AD42: Nov | AE42: Dez | AF42: Parcial | AG42: Total | AI42: Jan | AJ42: Fev | AK42: Mar | AL42: Abr | AM42: Mai | AN42: Jun | AO42: Jul | AP42: Ago | AQ42: Set | AR42: Out | AS42: Nov | AT42: Dez | AU42: Parcial | AV42: Total | AX42: Jan | AY42: Fev | AZ42: Mar | BA42: Abr | BB42: Mai | BC42: Jun | BD42: Jul | BE42: Ago | BF42: Set | BG42: Out | BH42: Nov | BI42: Dez | BJ42: Parcial | BK42: Total | BM42: Jan | BN42: Fev | BO42: Mar | BP42: Abr | BQ42: Mai | BR42: Jun | BS42: Jul | BT42: Ago | BU42: Set | BV42: Out | BW42: Nov | BX42: Dez | BY42: Parcial | BZ42: Total
A43: =_xlfn.CONCAT(D43,B42) -> Planejado8 | C43: =C66 -> : | D43: Planejado | Q43: =SUMIF(E100:P100,"=1",E43:P43) -> 0 | R43: =SUM(E43:P43) -> 0 | AF43: =SUMIF(T100:AE100,"=1",T43:AE43) -> 0 | AG43: =SUM(T43:AE43) -> 0 | AU43: =SUMIF(AI100:AT100,"=1",AI43:AT43) -> 0 | AV43: =SUM(AI43:AT43) -> 0 | BJ43: =SUMIF(AX100:BI100,"=1",AX43:BI43) -> 0 | BK43: =SUM(AX43:BI43) -> 0 | BY43: =SUMIF(BM100:BX100,"=1",BM43:BX43) -> 0 | BZ43: =SUM(BM43:BX43) -> 0
A44: =_xlfn.CONCAT(D44,B42) -> Realizado8 | D44: Realizado | Q44: =SUMIF(E100:P100,"=1",E44:P44) -> 0 | R44: =SUM(E44:P44) -> 0 | AF44: =SUMIF(T100:AE100,"=1",T44:AE44) -> 0 | AG44: =SUM(T44:AE44) -> 0 | AU44: =SUMIF(AI100:AT100,"=1",AI44:AT44) -> 0 | AV44: =SUM(AI44:AT44) -> 0 | BJ44: =SUMIF(AX100:BI100,"=1",AX44:BI44) -> 0 | BK44: =SUM(AX44:BI44) -> 0 | BY44: =SUMIF(BM100:BX100,"=1",BM44:BX44) -> 0 | BZ44: =SUM(BM44:BX44) -> 0
D45: Percentual | E45: =IF(OR(ISERR(E44/E43-1),E44=""),"",IF($B95=parametros!$I$3,E43/E44-1,E44/E43-1)) | F45: =IF(OR(ISERR(F44/F43-1),F44=""),"",IF($B95=parametros!$I$3,F43/F44-1,F44/F43-1)) | G45: =IF(OR(ISERR(G44/G43-1),G44=""),"",IF($B95=parametros!$I$3,G43/G44-1,G44/G43-1)) | H45: =IF(OR(ISERR(H44/H43-1),H44=""),"",IF($B95=parametros!$I$3,H43/H44-1,H44/H43-1)) | I45: =IF(OR(ISERR(I44/I43-1),I44=""),"",IF($B95=parametros!$I$3,I43/I44-1,I44/I43-1)) | J45: =IF(OR(ISERR(J44/J43-1),J44=""),"",IF($B95=parametros!$I$3,J43/J44-1,J44/J43-1)) | K45: =IF(OR(ISERR(K44/K43-1),K44=""),"",IF($B95=parametros!$I$3,K43/K44-1,K44/K43-1)) | L45: =IF(OR(ISERR(L44/L43-1),L44=""),"",IF($B95=parametros!$I$3,L43/L44-1,L44/L43-1)) | ... R45: =IF(OR(ISERR(R44/R43-1),R44=""),"",IF($B95=parametros!$I$3,R43/R44-1,R44/R43-1)) | T45: =IF(OR(ISERR(T44/T43-1),T44=""),"",IF($B95=parametros!$I$3,T43/T44-1,T44/T43-1)) | U45: =IF(OR(ISERR(U44/U43-1),U44=""),"",IF($B95=parametros!$I$3,U43/U44-1,U44/U43-1)) | V45: =IF(OR(ISERR(V44/V43-1),V44=""),"",IF($B95=parametros!$I$3,V43/V44-1,V44/V43-1)) | W45: =IF(OR(ISERR(W44/W43-1),W44=""),"",IF($B95=parametros!$I$3,W43/W44-1,W44/W43-1)) | X45: =IF(OR(ISERR(X44/X43-1),X44=""),"",IF($B95=parametros!$I$3,X43/X44-1,X44/X43-1)) | Y45: =IF(OR(ISERR(Y44/Y43-1),Y44=""),"",IF($B95=parametros!$I$3,Y43/Y44-1,Y44/Y43-1)) | Z45: =IF(OR(ISERR(Z44/Z43-1),Z44=""),"",IF($B95=parametros!$I$3,Z43/Z44-1,Z44/Z43-1)) | AA45: =IF(OR(ISERR(AA44/AA43-1),AA44=""),"",IF($B95=parametros!$I$3,AA43/AA44-1,AA44/AA43-1)) | ... AG45: =IF(OR(ISERR(AG44/AG43-1),AG44=""),"",IF($B95=parametros!$I$3,AG43/AG44-1,AG44/AG43-1)) | AI45: =IF(OR(ISERR(AI44/AI43-1),AI44=""),"",IF($B95=parametros!$I$3,AI43/AI44-1,AI44/AI43-1)) | AJ45: =IF(OR(ISERR(AJ44/AJ43-1),AJ44=""),"",IF($B95=parametros!$I$3,AJ43/AJ44-1,AJ44/AJ43-1)) | AK45: =IF(OR(ISERR(AK44/AK43-1),AK44=""),"",IF($B95=parametros!$I$3,AK43/AK44-1,AK44/AK43-1)) | AL45: =IF(OR(ISERR(AL44/AL43-1),AL44=""),"",IF($B95=parametros!$I$3,AL43/AL44-1,AL44/AL43-1)) | AM45: =IF(OR(ISERR(AM44/AM43-1),AM44=""),"",IF($B95=parametros!$I$3,AM43/AM44-1,AM44/AM43-1)) | AN45: =IF(OR(ISERR(AN44/AN43-1),AN44=""),"",IF($B95=parametros!$I$3,AN43/AN44-1,AN44/AN43-1)) | AO45: =IF(OR(ISERR(AO44/AO43-1),AO44=""),"",IF($B95=parametros!$I$3,AO43/AO44-1,AO44/AO43-1)) | AP45: =IF(OR(ISERR(AP44/AP43-1),AP44=""),"",IF($B95=parametros!$I$3,AP43/AP44-1,AP44/AP43-1)) | ... AV45: =IF(OR(ISERR(AV44/AV43-1),AV44=""),"",IF($B95=parametros!$I$3,AV43/AV44-1,AV44/AV43-1)) | AX45: =IF(OR(ISERR(AX44/AX43-1),AX44=""),"",IF($B95=parametros!$I$3,AX43/AX44-1,AX44/AX43-1)) | AY45: =IF(OR(ISERR(AY44/AY43-1),AY44=""),"",IF($B95=parametros!$I$3,AY43/AY44-1,AY44/AY43-1)) | AZ45: =IF(OR(ISERR(AZ44/AZ43-1),AZ44=""),"",IF($B95=parametros!$I$3,AZ43/AZ44-1,AZ44/AZ43-1)) | BA45: =IF(OR(ISERR(BA44/BA43-1),BA44=""),"",IF($B95=parametros!$I$3,BA43/BA44-1,BA44/BA43-1)) | BB45: =IF(OR(ISERR(BB44/BB43-1),BB44=""),"",IF($B95=parametros!$I$3,BB43/BB44-1,BB44/BB43-1)) | BC45: =IF(OR(ISERR(BC44/BC43-1),BC44=""),"",IF($B95=parametros!$I$3,BC43/BC44-1,BC44/BC43-1)) | BD45: =IF(OR(ISERR(BD44/BD43-1),BD44=""),"",IF($B95=parametros!$I$3,BD43/BD44-1,BD44/BD43-1)) | BE45: =IF(OR(ISERR(BE44/BE43-1),BE44=""),"",IF($B95=parametros!$I$3,BE43/BE44-1,BE44/BE43-1)) | ... BK45: =IF(OR(ISERR(BK44/BK43-1),BK44=""),"",IF($B95=parametros!$I$3,BK43/BK44-1,BK44/BK43-1)) | BM45: =IF(OR(ISERR(BM44/BM43-1),BM44=""),"",IF($B95=parametros!$I$3,BM43/BM44-1,BM44/BM43-1)) | BN45: =IF(OR(ISERR(BN44/BN43-1),BN44=""),"",IF($B95=parametros!$I$3,BN43/BN44-1,BN44/BN43-1)) | BO45: =IF(OR(ISERR(BO44/BO43-1),BO44=""),"",IF($B95=parametros!$I$3,BO43/BO44-1,BO44/BO43-1)) | BP45: =IF(OR(ISERR(BP44/BP43-1),BP44=""),"",IF($B95=parametros!$I$3,BP43/BP44-1,BP44/BP43-1)) | BQ45: =IF(OR(ISERR(BQ44/BQ43-1),BQ44=""),"",IF($B95=parametros!$I$3,BQ43/BQ44-1,BQ44/BQ43-1)) | BR45: =IF(OR(ISERR(BR44/BR43-1),BR44=""),"",IF($B95=parametros!$I$3,BR43/BR44-1,BR44/BR43-1)) | BS45: =IF(OR(ISERR(BS44/BS43-1),BS44=""),"",IF($B95=parametros!$I$3,BS43/BS44-1,BS44/BS43-1)) | BT45: =IF(OR(ISERR(BT44/BT43-1),BT44=""),"",IF($B95=parametros!$I$3,BT43/BT44-1,BT44/BT43-1)) | ... BZ45: =IF(OR(ISERR(BZ44/BZ43-1),BZ44=""),"",IF($B95=parametros!$I$3,BZ43/BZ44-1,BZ44/BZ43-1))
A59: =me!C6 -> Aumentar | B59: =me!D6 -> Faturamento | C59: =_xlfn.CONCAT(me!C6,": ",me!D6) -> Aumentar: Faturamento | D59: =R8 -> 0 | E59: =R9 -> 0
A60: =me!C7 -> Aumentar | B60: =me!D7 -> Tiket Médio | C60: =_xlfn.CONCAT(me!C7,": ",me!D7) -> Aumentar: Tiket Médio | D60: =R13 -> 0 | E60: =R14 -> 0
A61: =me!C8 -> 0 | B61: =me!D8 -> 0 | C61: =_xlfn.CONCAT(me!C8,": ",me!D8) -> : | D61: =R18 -> 0 | E61: =R19 -> 0
A62: =me!C9 -> 0 | B62: =me!D9 -> 0 | C62: =_xlfn.CONCAT(me!C9,": ",me!D9) -> : | D62: =R23 -> 0 | E62: =R24 -> 0
A63: =me!C10 -> 0 | B63: =me!D10 -> 0 | C63: =_xlfn.CONCAT(me!C10,": ",me!D10) -> : | D63: =R28 -> 0 | E63: =R29 -> 0
A64: =me!C11 -> 0 | B64: =me!D11 -> 0 | C64: =_xlfn.CONCAT(me!C11,": ",me!D11) -> : | D64: =R33 -> 0 | E64: =R34 -> 0
A65: =me!C12 -> 0 | B65: =me!D12 -> 0 | C65: =_xlfn.CONCAT(me!C12,": ",me!D12) -> : | D65: =R38 -> 0 | E65: =R39 -> 0 | F65: =IF(F14="","",1) | G65: =IF(G14="","",1) | H65: =IF(H14="","",1) | I65: =IF(I14="","",1) | J65: =IF(J14="","",1) | K65: =IF(K14="","",1) | L65: =IF(L14="","",1) | M65: =IF(M14="","",1)
A66: =me!C13 -> 0 | B66: =me!D13 -> 0 | C66: =_xlfn.CONCAT(me!C13,": ",me!D13) -> : | D66: =R43 -> 0 | E66: =R44 -> 0 | F66: =IF(F15="","",1) | G66: =IF(G15="","",1) | H66: =IF(H15="","",1) | I66: =IF(I15="","",1) | J66: =IF(J15="","",1) | K66: =IF(K15="","",1) | L66: =IF(L15="","",1) | M66: =IF(M15="","",1)
D67: =D6 -> Ano 1 | F67: =T6 -> Ano 2 | H67: =AI6 -> Ano 3 | J67: =AX6 -> Ano 4 | L67: =BM6 -> Ano 5 | N67: Média
D68: Parcial1 | E68: Total1 | F68: Parcial2 | G68: Total2 | H68: Parcial3 | I68: Total3 | J68: Parcial4 | K68: Total4 | L68: Parcial5 | M68: Total5 | N68: Parcial | O68: Total | P68: Variação
C69: Planejado1 | D69: =INDEX($E$6:$BZ$45,MATCH($C69,$A$6:$A$45,0),MATCH(D$68,$E$5:$BZ$5,0)) -> 0 | E69: =INDEX($E$6:$BZ$45,MATCH($C69,$A$6:$A$45,0),MATCH(E$68,$E$5:$BZ$5,0)) -> 0 | F69: =INDEX($E$6:$BZ$45,MATCH($C69,$A$6:$A$45,0),MATCH(F$68,$E$5:$BZ$5,0)) -> 0 | G69: =INDEX($E$6:$BZ$45,MATCH($C69,$A$6:$A$45,0),MATCH(G$68,$E$5:$BZ$5,0)) -> 0 | H69: =INDEX($E$6:$BZ$45,MATCH($C69,$A$6:$A$45,0),MATCH(H$68,$E$5:$BZ$5,0)) -> 0 | I69: =INDEX($E$6:$BZ$45,MATCH($C69,$A$6:$A$45,0),MATCH(I$68,$E$5:$BZ$5,0)) -> 0 | J69: =INDEX($E$6:$BZ$45,MATCH($C69,$A$6:$A$45,0),MATCH(J$68,$E$5:$BZ$5,0)) -> 0 | K69: =INDEX($E$6:$BZ$45,MATCH($C69,$A$6:$A$45,0),MATCH(K$68,$E$5:$BZ$5,0)) -> 0 | ... M69: =INDEX($E$6:$BZ$45,MATCH($C69,$A$6:$A$45,0),MATCH(M$68,$E$5:$BZ$5,0)) -> 0 | N69: =AVERAGE(D69,F69,H69,J69,L69) -> 0 | O69: =AVERAGE(E69,G69,I69,K69,M69) -> 0 | P69: =IFERROR(N69/O69,0) -> 0
C70: Realizado1 | D70: =INDEX($E$6:$BZ$45,MATCH($C70,$A$6:$A$45,0),MATCH(D$68,$E$5:$BZ$5,0)) -> 0 | E70: =INDEX($E$6:$BZ$45,MATCH($C70,$A$6:$A$45,0),MATCH(E$68,$E$5:$BZ$5,0)) -> 0 | F70: =INDEX($E$6:$BZ$45,MATCH($C70,$A$6:$A$45,0),MATCH(F$68,$E$5:$BZ$5,0)) -> 0 | G70: =INDEX($E$6:$BZ$45,MATCH($C70,$A$6:$A$45,0),MATCH(G$68,$E$5:$BZ$5,0)) -> 0 | H70: =INDEX($E$6:$BZ$45,MATCH($C70,$A$6:$A$45,0),MATCH(H$68,$E$5:$BZ$5,0)) -> 0 | I70: =INDEX($E$6:$BZ$45,MATCH($C70,$A$6:$A$45,0),MATCH(I$68,$E$5:$BZ$5,0)) -> 0 | J70: =INDEX($E$6:$BZ$45,MATCH($C70,$A$6:$A$45,0),MATCH(J$68,$E$5:$BZ$5,0)) -> 0 | K70: =INDEX($E$6:$BZ$45,MATCH($C70,$A$6:$A$45,0),MATCH(K$68,$E$5:$BZ$5,0)) -> 0 | ... M70: =INDEX($E$6:$BZ$45,MATCH($C70,$A$6:$A$45,0),MATCH(M$68,$E$5:$BZ$5,0)) -> 0 | N70: =AVERAGE(D70,F70,H70,J70,L70) -> 0 | O70: =AVERAGE(E70,G70,I70,K70,M70) -> 0 | P70: =IFERROR(N70/O70,0) -> 0
C71: Planejado2 | D71: =INDEX($E$6:$BZ$45,MATCH($C71,$A$6:$A$45,0),MATCH(D$68,$E$5:$BZ$5,0)) -> 0 | E71: =INDEX($E$6:$BZ$45,MATCH($C71,$A$6:$A$45,0),MATCH(E$68,$E$5:$BZ$5,0)) -> 0 | F71: =INDEX($E$6:$BZ$45,MATCH($C71,$A$6:$A$45,0),MATCH(F$68,$E$5:$BZ$5,0)) -> 0 | G71: =INDEX($E$6:$BZ$45,MATCH($C71,$A$6:$A$45,0),MATCH(G$68,$E$5:$BZ$5,0)) -> 0 | H71: =INDEX($E$6:$BZ$45,MATCH($C71,$A$6:$A$45,0),MATCH(H$68,$E$5:$BZ$5,0)) -> 0 | I71: =INDEX($E$6:$BZ$45,MATCH($C71,$A$6:$A$45,0),MATCH(I$68,$E$5:$BZ$5,0)) -> 0 | J71: =INDEX($E$6:$BZ$45,MATCH($C71,$A$6:$A$45,0),MATCH(J$68,$E$5:$BZ$5,0)) -> 0 | K71: =INDEX($E$6:$BZ$45,MATCH($C71,$A$6:$A$45,0),MATCH(K$68,$E$5:$BZ$5,0)) -> 0 | ... M71: =INDEX($E$6:$BZ$45,MATCH($C71,$A$6:$A$45,0),MATCH(M$68,$E$5:$BZ$5,0)) -> 0 | N71: =AVERAGE(D71,F71,H71,J71,L71) -> 0 | O71: =AVERAGE(E71,G71,I71,K71,M71) -> 0 | P71: =IFERROR(N71/O71,0) -> 0
C72: Realizado2 | D72: =INDEX($E$6:$BZ$45,MATCH($C72,$A$6:$A$45,0),MATCH(D$68,$E$5:$BZ$5,0)) -> 0 | E72: =INDEX($E$6:$BZ$45,MATCH($C72,$A$6:$A$45,0),MATCH(E$68,$E$5:$BZ$5,0)) -> 0 | F72: =INDEX($E$6:$BZ$45,MATCH($C72,$A$6:$A$45,0),MATCH(F$68,$E$5:$BZ$5,0)) -> 0 | G72: =INDEX($E$6:$BZ$45,MATCH($C72,$A$6:$A$45,0),MATCH(G$68,$E$5:$BZ$5,0)) -> 0 | H72: =INDEX($E$6:$BZ$45,MATCH($C72,$A$6:$A$45,0),MATCH(H$68,$E$5:$BZ$5,0)) -> 0 | I72: =INDEX($E$6:$BZ$45,MATCH($C72,$A$6:$A$45,0),MATCH(I$68,$E$5:$BZ$5,0)) -> 0 | J72: =INDEX($E$6:$BZ$45,MATCH($C72,$A$6:$A$45,0),MATCH(J$68,$E$5:$BZ$5,0)) -> 0 | K72: =INDEX($E$6:$BZ$45,MATCH($C72,$A$6:$A$45,0),MATCH(K$68,$E$5:$BZ$5,0)) -> 0 | ... M72: =INDEX($E$6:$BZ$45,MATCH($C72,$A$6:$A$45,0),MATCH(M$68,$E$5:$BZ$5,0)) -> 0 | N72: =AVERAGE(D72,F72,H72,J72,L72) -> 0 | O72: =AVERAGE(E72,G72,I72,K72,M72) -> 0 | P72: =IFERROR(N72/O72,0) -> 0
C73: Planejado3 | D73: =INDEX($E$6:$BZ$45,MATCH($C73,$A$6:$A$45,0),MATCH(D$68,$E$5:$BZ$5,0)) -> 0 | E73: =INDEX($E$6:$BZ$45,MATCH($C73,$A$6:$A$45,0),MATCH(E$68,$E$5:$BZ$5,0)) -> 0 | F73: =INDEX($E$6:$BZ$45,MATCH($C73,$A$6:$A$45,0),MATCH(F$68,$E$5:$BZ$5,0)) -> 0 | G73: =INDEX($E$6:$BZ$45,MATCH($C73,$A$6:$A$45,0),MATCH(G$68,$E$5:$BZ$5,0)) -> 0 | H73: =INDEX($E$6:$BZ$45,MATCH($C73,$A$6:$A$45,0),MATCH(H$68,$E$5:$BZ$5,0)) -> 0 | I73: =INDEX($E$6:$BZ$45,MATCH($C73,$A$6:$A$45,0),MATCH(I$68,$E$5:$BZ$5,0)) -> 0 | J73: =INDEX($E$6:$BZ$45,MATCH($C73,$A$6:$A$45,0),MATCH(J$68,$E$5:$BZ$5,0)) -> 0 | K73: =INDEX($E$6:$BZ$45,MATCH($C73,$A$6:$A$45,0),MATCH(K$68,$E$5:$BZ$5,0)) -> 0 | ... M73: =INDEX($E$6:$BZ$45,MATCH($C73,$A$6:$A$45,0),MATCH(M$68,$E$5:$BZ$5,0)) -> 0 | N73: =AVERAGE(D73,F73,H73,J73,L73) -> 0 | O73: =AVERAGE(E73,G73,I73,K73,M73) -> 0 | P73: =IFERROR(N73/O73,0) -> 0
C74: Realizado3 | D74: =INDEX($E$6:$BZ$45,MATCH($C74,$A$6:$A$45,0),MATCH(D$68,$E$5:$BZ$5,0)) -> 0 | E74: =INDEX($E$6:$BZ$45,MATCH($C74,$A$6:$A$45,0),MATCH(E$68,$E$5:$BZ$5,0)) -> 0 | F74: =INDEX($E$6:$BZ$45,MATCH($C74,$A$6:$A$45,0),MATCH(F$68,$E$5:$BZ$5,0)) -> 0 | G74: =INDEX($E$6:$BZ$45,MATCH($C74,$A$6:$A$45,0),MATCH(G$68,$E$5:$BZ$5,0)) -> 0 | H74: =INDEX($E$6:$BZ$45,MATCH($C74,$A$6:$A$45,0),MATCH(H$68,$E$5:$BZ$5,0)) -> 0 | I74: =INDEX($E$6:$BZ$45,MATCH($C74,$A$6:$A$45,0),MATCH(I$68,$E$5:$BZ$5,0)) -> 0 | J74: =INDEX($E$6:$BZ$45,MATCH($C74,$A$6:$A$45,0),MATCH(J$68,$E$5:$BZ$5,0)) -> 0 | K74: =INDEX($E$6:$BZ$45,MATCH($C74,$A$6:$A$45,0),MATCH(K$68,$E$5:$BZ$5,0)) -> 0 | ... M74: =INDEX($E$6:$BZ$45,MATCH($C74,$A$6:$A$45,0),MATCH(M$68,$E$5:$BZ$5,0)) -> 0 | N74: =AVERAGE(D74,F74,H74,J74,L74) -> 0 | O74: =AVERAGE(E74,G74,I74,K74,M74) -> 0 | P74: =IFERROR(N74/O74,0) -> 0
C75: Planejado4 | D75: =INDEX($E$6:$BZ$45,MATCH($C75,$A$6:$A$45,0),MATCH(D$68,$E$5:$BZ$5,0)) -> 0 | E75: =INDEX($E$6:$BZ$45,MATCH($C75,$A$6:$A$45,0),MATCH(E$68,$E$5:$BZ$5,0)) -> 0 | F75: =INDEX($E$6:$BZ$45,MATCH($C75,$A$6:$A$45,0),MATCH(F$68,$E$5:$BZ$5,0)) -> 0 | G75: =INDEX($E$6:$BZ$45,MATCH($C75,$A$6:$A$45,0),MATCH(G$68,$E$5:$BZ$5,0)) -> 0 | H75: =INDEX($E$6:$BZ$45,MATCH($C75,$A$6:$A$45,0),MATCH(H$68,$E$5:$BZ$5,0)) -> 0 | I75: =INDEX($E$6:$BZ$45,MATCH($C75,$A$6:$A$45,0),MATCH(I$68,$E$5:$BZ$5,0)) -> 0 | J75: =INDEX($E$6:$BZ$45,MATCH($C75,$A$6:$A$45,0),MATCH(J$68,$E$5:$BZ$5,0)) -> 0 | K75: =INDEX($E$6:$BZ$45,MATCH($C75,$A$6:$A$45,0),MATCH(K$68,$E$5:$BZ$5,0)) -> 0 | ... M75: =INDEX($E$6:$BZ$45,MATCH($C75,$A$6:$A$45,0),MATCH(M$68,$E$5:$BZ$5,0)) -> 0 | N75: =AVERAGE(D75,F75,H75,J75,L75) -> 0 | O75: =AVERAGE(E75,G75,I75,K75,M75) -> 0 | P75: =IFERROR(N75/O75,0) -> 0
C76: Realizado4 | D76: =INDEX($E$6:$BZ$45,MATCH($C76,$A$6:$A$45,0),MATCH(D$68,$E$5:$BZ$5,0)) -> 0 | E76: =INDEX($E$6:$BZ$45,MATCH($C76,$A$6:$A$45,0),MATCH(E$68,$E$5:$BZ$5,0)) -> 0 | F76: =INDEX($E$6:$BZ$45,MATCH($C76,$A$6:$A$45,0),MATCH(F$68,$E$5:$BZ$5,0)) -> 0 | G76: =INDEX($E$6:$BZ$45,MATCH($C76,$A$6:$A$45,0),MATCH(G$68,$E$5:$BZ$5,0)) -> 0 | H76: =INDEX($E$6:$BZ$45,MATCH($C76,$A$6:$A$45,0),MATCH(H$68,$E$5:$BZ$5,0)) -> 0 | I76: =INDEX($E$6:$BZ$45,MATCH($C76,$A$6:$A$45,0),MATCH(I$68,$E$5:$BZ$5,0)) -> 0 | J76: =INDEX($E$6:$BZ$45,MATCH($C76,$A$6:$A$45,0),MATCH(J$68,$E$5:$BZ$5,0)) -> 0 | K76: =INDEX($E$6:$BZ$45,MATCH($C76,$A$6:$A$45,0),MATCH(K$68,$E$5:$BZ$5,0)) -> 0 | ... M76: =INDEX($E$6:$BZ$45,MATCH($C76,$A$6:$A$45,0),MATCH(M$68,$E$5:$BZ$5,0)) -> 0 | N76: =AVERAGE(D76,F76,H76,J76,L76) -> 0 | O76: =AVERAGE(E76,G76,I76,K76,M76) -> 0 | P76: =IFERROR(N76/O76,0) -> 0
C77: Planejado5 | D77: =INDEX($E$6:$BZ$45,MATCH($C77,$A$6:$A$45,0),MATCH(D$68,$E$5:$BZ$5,0)) -> 0 | E77: =INDEX($E$6:$BZ$45,MATCH($C77,$A$6:$A$45,0),MATCH(E$68,$E$5:$BZ$5,0)) -> 0 | F77: =INDEX($E$6:$BZ$45,MATCH($C77,$A$6:$A$45,0),MATCH(F$68,$E$5:$BZ$5,0)) -> 0 | G77: =INDEX($E$6:$BZ$45,MATCH($C77,$A$6:$A$45,0),MATCH(G$68,$E$5:$BZ$5,0)) -> 0 | H77: =INDEX($E$6:$BZ$45,MATCH($C77,$A$6:$A$45,0),MATCH(H$68,$E$5:$BZ$5,0)) -> 0 | I77: =INDEX($E$6:$BZ$45,MATCH($C77,$A$6:$A$45,0),MATCH(I$68,$E$5:$BZ$5,0)) -> 0 | J77: =INDEX($E$6:$BZ$45,MATCH($C77,$A$6:$A$45,0),MATCH(J$68,$E$5:$BZ$5,0)) -> 0 | K77: =INDEX($E$6:$BZ$45,MATCH($C77,$A$6:$A$45,0),MATCH(K$68,$E$5:$BZ$5,0)) -> 0 | ... M77: =INDEX($E$6:$BZ$45,MATCH($C77,$A$6:$A$45,0),MATCH(M$68,$E$5:$BZ$5,0)) -> 0 | N77: =AVERAGE(D77,F77,H77,J77,L77) -> 0 | O77: =AVERAGE(E77,G77,I77,K77,M77) -> 0 | P77: =IFERROR(N77/O77,0) -> 0
C78: Realizado5 | D78: =INDEX($E$6:$BZ$45,MATCH($C78,$A$6:$A$45,0),MATCH(D$68,$E$5:$BZ$5,0)) -> 0 | E78: =INDEX($E$6:$BZ$45,MATCH($C78,$A$6:$A$45,0),MATCH(E$68,$E$5:$BZ$5,0)) -> 0 | F78: =INDEX($E$6:$BZ$45,MATCH($C78,$A$6:$A$45,0),MATCH(F$68,$E$5:$BZ$5,0)) -> 0 | G78: =INDEX($E$6:$BZ$45,MATCH($C78,$A$6:$A$45,0),MATCH(G$68,$E$5:$BZ$5,0)) -> 0 | H78: =INDEX($E$6:$BZ$45,MATCH($C78,$A$6:$A$45,0),MATCH(H$68,$E$5:$BZ$5,0)) -> 0 | I78: =INDEX($E$6:$BZ$45,MATCH($C78,$A$6:$A$45,0),MATCH(I$68,$E$5:$BZ$5,0)) -> 0 | J78: =INDEX($E$6:$BZ$45,MATCH($C78,$A$6:$A$45,0),MATCH(J$68,$E$5:$BZ$5,0)) -> 0 | K78: =INDEX($E$6:$BZ$45,MATCH($C78,$A$6:$A$45,0),MATCH(K$68,$E$5:$BZ$5,0)) -> 0 | ... M78: =INDEX($E$6:$BZ$45,MATCH($C78,$A$6:$A$45,0),MATCH(M$68,$E$5:$BZ$5,0)) -> 0 | N78: =AVERAGE(D78,F78,H78,J78,L78) -> 0 | O78: =AVERAGE(E78,G78,I78,K78,M78) -> 0 | P78: =IFERROR(N78/O78,0) -> 0
C79: Planejado6 | D79: =INDEX($E$6:$BZ$45,MATCH($C79,$A$6:$A$45,0),MATCH(D$68,$E$5:$BZ$5,0)) -> 0 | E79: =INDEX($E$6:$BZ$45,MATCH($C79,$A$6:$A$45,0),MATCH(E$68,$E$5:$BZ$5,0)) -> 0 | F79: =INDEX($E$6:$BZ$45,MATCH($C79,$A$6:$A$45,0),MATCH(F$68,$E$5:$BZ$5,0)) -> 0 | G79: =INDEX($E$6:$BZ$45,MATCH($C79,$A$6:$A$45,0),MATCH(G$68,$E$5:$BZ$5,0)) -> 0 | H79: =INDEX($E$6:$BZ$45,MATCH($C79,$A$6:$A$45,0),MATCH(H$68,$E$5:$BZ$5,0)) -> 0 | I79: =INDEX($E$6:$BZ$45,MATCH($C79,$A$6:$A$45,0),MATCH(I$68,$E$5:$BZ$5,0)) -> 0 | J79: =INDEX($E$6:$BZ$45,MATCH($C79,$A$6:$A$45,0),MATCH(J$68,$E$5:$BZ$5,0)) -> 0 | K79: =INDEX($E$6:$BZ$45,MATCH($C79,$A$6:$A$45,0),MATCH(K$68,$E$5:$BZ$5,0)) -> 0 | ... M79: =INDEX($E$6:$BZ$45,MATCH($C79,$A$6:$A$45,0),MATCH(M$68,$E$5:$BZ$5,0)) -> 0 | N79: =AVERAGE(D79,F79,H79,J79,L79) -> 0 | O79: =AVERAGE(E79,G79,I79,K79,M79) -> 0 | P79: =IFERROR(N79/O79,0) -> 0
C80: Realizado6 | D80: =INDEX($E$6:$BZ$45,MATCH($C80,$A$6:$A$45,0),MATCH(D$68,$E$5:$BZ$5,0)) -> 0 | E80: =INDEX($E$6:$BZ$45,MATCH($C80,$A$6:$A$45,0),MATCH(E$68,$E$5:$BZ$5,0)) -> 0 | F80: =INDEX($E$6:$BZ$45,MATCH($C80,$A$6:$A$45,0),MATCH(F$68,$E$5:$BZ$5,0)) -> 0 | G80: =INDEX($E$6:$BZ$45,MATCH($C80,$A$6:$A$45,0),MATCH(G$68,$E$5:$BZ$5,0)) -> 0 | H80: =INDEX($E$6:$BZ$45,MATCH($C80,$A$6:$A$45,0),MATCH(H$68,$E$5:$BZ$5,0)) -> 0 | I80: =INDEX($E$6:$BZ$45,MATCH($C80,$A$6:$A$45,0),MATCH(I$68,$E$5:$BZ$5,0)) -> 0 | J80: =INDEX($E$6:$BZ$45,MATCH($C80,$A$6:$A$45,0),MATCH(J$68,$E$5:$BZ$5,0)) -> 0 | K80: =INDEX($E$6:$BZ$45,MATCH($C80,$A$6:$A$45,0),MATCH(K$68,$E$5:$BZ$5,0)) -> 0 | ... M80: =INDEX($E$6:$BZ$45,MATCH($C80,$A$6:$A$45,0),MATCH(M$68,$E$5:$BZ$5,0)) -> 0 | N80: =AVERAGE(D80,F80,H80,J80,L80) -> 0 | O80: =AVERAGE(E80,G80,I80,K80,M80) -> 0 | P80: =IFERROR(N80/O80,0) -> 0
... C84: Realizado8 | D84: =INDEX($E$6:$BZ$45,MATCH($C84,$A$6:$A$45,0),MATCH(D$68,$E$5:$BZ$5,0)) -> 0 | E84: =INDEX($E$6:$BZ$45,MATCH($C84,$A$6:$A$45,0),MATCH(E$68,$E$5:$BZ$5,0)) -> 0 | F84: =INDEX($E$6:$BZ$45,MATCH($C84,$A$6:$A$45,0),MATCH(F$68,$E$5:$BZ$5,0)) -> 0 | G84: =INDEX($E$6:$BZ$45,MATCH($C84,$A$6:$A$45,0),MATCH(G$68,$E$5:$BZ$5,0)) -> 0 | H84: =INDEX($E$6:$BZ$45,MATCH($C84,$A$6:$A$45,0),MATCH(H$68,$E$5:$BZ$5,0)) -> 0 | I84: =INDEX($E$6:$BZ$45,MATCH($C84,$A$6:$A$45,0),MATCH(I$68,$E$5:$BZ$5,0)) -> 0 | J84: =INDEX($E$6:$BZ$45,MATCH($C84,$A$6:$A$45,0),MATCH(J$68,$E$5:$BZ$5,0)) -> 0 | K84: =INDEX($E$6:$BZ$45,MATCH($C84,$A$6:$A$45,0),MATCH(K$68,$E$5:$BZ$5,0)) -> 0 | ... M84: =INDEX($E$6:$BZ$45,MATCH($C84,$A$6:$A$45,0),MATCH(M$68,$E$5:$BZ$5,0)) -> 0 | N84: =AVERAGE(D84,F84,H84,J84,L84) -> 0 | O84: =AVERAGE(E84,G84,I84,K84,M84) -> 0 | P84: =IFERROR(N84/O84,0) -> 0
C85: Planejado1 | E85: =COUNTA(E8) -> 0 | F85: =COUNTA(F8) -> 0 | G85: =COUNTA(G8) -> 0 | H85: =COUNTA(H8) -> 0 | I85: =COUNTA(I8) -> 0 | J85: =COUNTA(J8) -> 0 | K85: =COUNTA(K8) -> 0 | L85: =COUNTA(L8) -> 0 | ... P85: =COUNTA(P8) -> 0 | T85: =COUNTA(T8) -> 0 | U85: =COUNTA(U8) -> 0 | V85: =COUNTA(V8) -> 0 | W85: =COUNTA(W8) -> 0 | X85: =COUNTA(X8) -> 0 | Y85: =COUNTA(Y8) -> 0 | Z85: =COUNTA(Z8) -> 0 | AA85: =COUNTA(AA8) -> 0 | ... AE85: =COUNTA(AE8) -> 0 | AI85: =COUNTA(AI8) -> 0 | AJ85: =COUNTA(AJ8) -> 0 | AK85: =COUNTA(AK8) -> 0 | AL85: =COUNTA(AL8) -> 0 | AM85: =COUNTA(AM8) -> 0 | AN85: =COUNTA(AN8) -> 0 | AO85: =COUNTA(AO8) -> 0 | AP85: =COUNTA(AP8) -> 0 | ... AT85: =COUNTA(AT8) -> 0 | AX85: =COUNTA(AX8) -> 0 | AY85: =COUNTA(AY8) -> 0 | AZ85: =COUNTA(AZ8) -> 0 | BA85: =COUNTA(BA8) -> 0 | BB85: =COUNTA(BB8) -> 0 | BC85: =COUNTA(BC8) -> 0 | BD85: =COUNTA(BD8) -> 0 | BE85: =COUNTA(BE8) -> 0 | ... BI85: =COUNTA(BI8) -> 0 | BM85: =COUNTA(BM8) -> 0 | BN85: =COUNTA(BN8) -> 0 | BO85: =COUNTA(BO8) -> 0 | BP85: =COUNTA(BP8) -> 0 | BQ85: =COUNTA(BQ8) -> 0 | BR85: =COUNTA(BR8) -> 0 | BS85: =COUNTA(BS8) -> 0 | BT85: =COUNTA(BT8) -> 0 | ... BX85: =COUNTA(BX8) -> 0
C86: Realizado1 | E86: =COUNTA(E9) -> 0 | F86: =COUNTA(F9) -> 0 | G86: =COUNTA(G9) -> 0 | H86: =COUNTA(H9) -> 0 | I86: =COUNTA(I9) -> 0 | J86: =COUNTA(J9) -> 0 | K86: =COUNTA(K9) -> 0 | L86: =COUNTA(L9) -> 0 | ... P86: =COUNTA(P9) -> 0 | T86: =COUNTA(T9) -> 0 | U86: =COUNTA(U9) -> 0 | V86: =COUNTA(V9) -> 0 | W86: =COUNTA(W9) -> 0 | X86: =COUNTA(X9) -> 0 | Y86: =COUNTA(Y9) -> 0 | Z86: =COUNTA(Z9) -> 0 | AA86: =COUNTA(AA9) -> 0 | ... AE86: =COUNTA(AE9) -> 0 | AI86: =COUNTA(AI9) -> 0 | AJ86: =COUNTA(AJ9) -> 0 | AK86: =COUNTA(AK9) -> 0 | AL86: =COUNTA(AL9) -> 0 | AM86: =COUNTA(AM9) -> 0 | AN86: =COUNTA(AN9) -> 0 | AO86: =COUNTA(AO9) -> 0 | AP86: =COUNTA(AP9) -> 0 | ... AT86: =COUNTA(AT9) -> 0 | AX86: =COUNTA(AX9) -> 0 | AY86: =COUNTA(AY9) -> 0 | AZ86: =COUNTA(AZ9) -> 0 | BA86: =COUNTA(BA9) -> 0 | BB86: =COUNTA(BB9) -> 0 | BC86: =COUNTA(BC9) -> 0 | BD86: =COUNTA(BD9) -> 0 | BE86: =COUNTA(BE9) -> 0 | ... BI86: =COUNTA(BI9) -> 0 | BM86: =COUNTA(BM9) -> 0 | BN86: =COUNTA(BN9) -> 0 | BO86: =COUNTA(BO9) -> 0 | BP86: =COUNTA(BP9) -> 0 | BQ86: =COUNTA(BQ9) -> 0 | BR86: =COUNTA(BR9) -> 0 | BS86: =COUNTA(BS9) -> 0 | BT86: =COUNTA(BT9) -> 0 | ... BX86: =COUNTA(BX9) -> 0
C87: Planejado2 | E87: =COUNTA(E13) -> 0 | F87: =COUNTA(F13) -> 0 | G87: =COUNTA(G13) -> 0 | H87: =COUNTA(H13) -> 0 | I87: =COUNTA(I13) -> 0 | J87: =COUNTA(J13) -> 0 | K87: =COUNTA(K13) -> 0 | L87: =COUNTA(L13) -> 0 | ... P87: =COUNTA(P13) -> 0 | T87: =COUNTA(T13) -> 0 | U87: =COUNTA(U13) -> 0 | V87: =COUNTA(V13) -> 0 | W87: =COUNTA(W13) -> 0 | X87: =COUNTA(X13) -> 0 | Y87: =COUNTA(Y13) -> 0 | Z87: =COUNTA(Z13) -> 0 | AA87: =COUNTA(AA13) -> 0 | ... AE87: =COUNTA(AE13) -> 0 | AI87: =COUNTA(AI13) -> 0 | AJ87: =COUNTA(AJ13) -> 0 | AK87: =COUNTA(AK13) -> 0 | AL87: =COUNTA(AL13) -> 0 | AM87: =COUNTA(AM13) -> 0 | AN87: =COUNTA(AN13) -> 0 | AO87: =COUNTA(AO13) -> 0 | AP87: =COUNTA(AP13) -> 0 | ... AT87: =COUNTA(AT13) -> 0 | AX87: =COUNTA(AX13) -> 0 | AY87: =COUNTA(AY13) -> 0 | AZ87: =COUNTA(AZ13) -> 0 | BA87: =COUNTA(BA13) -> 0 | BB87: =COUNTA(BB13) -> 0 | BC87: =COUNTA(BC13) -> 0 | BD87: =COUNTA(BD13) -> 0 | BE87: =COUNTA(BE13) -> 0 | ... BI87: =COUNTA(BI13) -> 0 | BM87: =COUNTA(BM13) -> 0 | BN87: =COUNTA(BN13) -> 0 | BO87: =COUNTA(BO13) -> 0 | BP87: =COUNTA(BP13) -> 0 | BQ87: =COUNTA(BQ13) -> 0 | BR87: =COUNTA(BR13) -> 0 | BS87: =COUNTA(BS13) -> 0 | BT87: =COUNTA(BT13) -> 0 | ... BX87: =COUNTA(BX13) -> 0
C88: Realizado2 | E88: =COUNTA(E14) -> 0 | F88: =COUNTA(F14) -> 0 | G88: =COUNTA(G14) -> 0 | H88: =COUNTA(H14) -> 0 | I88: =COUNTA(I14) -> 0 | J88: =COUNTA(J14) -> 0 | K88: =COUNTA(K14) -> 0 | L88: =COUNTA(L14) -> 0 | ... P88: =COUNTA(P14) -> 0 | T88: =COUNTA(T14) -> 0 | U88: =COUNTA(U14) -> 0 | V88: =COUNTA(V14) -> 0 | W88: =COUNTA(W14) -> 0 | X88: =COUNTA(X14) -> 0 | Y88: =COUNTA(Y14) -> 0 | Z88: =COUNTA(Z14) -> 0 | AA88: =COUNTA(AA14) -> 0 | ... AE88: =COUNTA(AE14) -> 0 | AI88: =COUNTA(AI14) -> 0 | AJ88: =COUNTA(AJ14) -> 0 | AK88: =COUNTA(AK14) -> 0 | AL88: =COUNTA(AL14) -> 0 | AM88: =COUNTA(AM14) -> 0 | AN88: =COUNTA(AN14) -> 0 | AO88: =COUNTA(AO14) -> 0 | AP88: =COUNTA(AP14) -> 0 | ... AT88: =COUNTA(AT14) -> 0 | AX88: =COUNTA(AX14) -> 0 | AY88: =COUNTA(AY14) -> 0 | AZ88: =COUNTA(AZ14) -> 0 | BA88: =COUNTA(BA14) -> 0 | BB88: =COUNTA(BB14) -> 0 | BC88: =COUNTA(BC14) -> 0 | BD88: =COUNTA(BD14) -> 0 | BE88: =COUNTA(BE14) -> 0 | ... BI88: =COUNTA(BI14) -> 0 | BM88: =COUNTA(BM14) -> 0 | BN88: =COUNTA(BN14) -> 0 | BO88: =COUNTA(BO14) -> 0 | BP88: =COUNTA(BP14) -> 0 | BQ88: =COUNTA(BQ14) -> 0 | BR88: =COUNTA(BR14) -> 0 | BS88: =COUNTA(BS14) -> 0 | BT88: =COUNTA(BT14) -> 0 | ... BX88: =COUNTA(BX14) -> 0
C89: Planejado3 | E89: =COUNTA(E18) -> 0 | F89: =COUNTA(F18) -> 0 | G89: =COUNTA(G18) -> 0 | H89: =COUNTA(H18) -> 0 | I89: =COUNTA(I18) -> 0 | J89: =COUNTA(J18) -> 0 | K89: =COUNTA(K18) -> 0 | L89: =COUNTA(L18) -> 0 | ... P89: =COUNTA(P18) -> 0 | T89: =COUNTA(T18) -> 0 | U89: =COUNTA(U18) -> 0 | V89: =COUNTA(V18) -> 0 | W89: =COUNTA(W18) -> 0 | X89: =COUNTA(X18) -> 0 | Y89: =COUNTA(Y18) -> 0 | Z89: =COUNTA(Z18) -> 0 | AA89: =COUNTA(AA18) -> 0 | ... AE89: =COUNTA(AE18) -> 0 | AI89: =COUNTA(AI18) -> 0 | AJ89: =COUNTA(AJ18) -> 0 | AK89: =COUNTA(AK18) -> 0 | AL89: =COUNTA(AL18) -> 0 | AM89: =COUNTA(AM18) -> 0 | AN89: =COUNTA(AN18) -> 0 | AO89: =COUNTA(AO18) -> 0 | AP89: =COUNTA(AP18) -> 0 | ... AT89: =COUNTA(AT18) -> 0 | AX89: =COUNTA(AX18) -> 0 | AY89: =COUNTA(AY18) -> 0 | AZ89: =COUNTA(AZ18) -> 0 | BA89: =COUNTA(BA18) -> 0 | BB89: =COUNTA(BB18) -> 0 | BC89: =COUNTA(BC18) -> 0 | BD89: =COUNTA(BD18) -> 0 | BE89: =COUNTA(BE18) -> 0 | ... BI89: =COUNTA(BI18) -> 0 | BM89: =COUNTA(BM18) -> 0 | BN89: =COUNTA(BN18) -> 0 | BO89: =COUNTA(BO18) -> 0 | BP89: =COUNTA(BP18) -> 0 | BQ89: =COUNTA(BQ18) -> 0 | BR89: =COUNTA(BR18) -> 0 | BS89: =COUNTA(BS18) -> 0 | BT89: =COUNTA(BT18) -> 0 | ... BX89: =COUNTA(BX18) -> 0
C90: Realizado3 | E90: =COUNTA(E19) -> 0 | F90: =COUNTA(F19) -> 0 | G90: =COUNTA(G19) -> 0 | H90: =COUNTA(H19) -> 0 | I90: =COUNTA(I19) -> 0 | J90: =COUNTA(J19) -> 0 | K90: =COUNTA(K19) -> 0 | L90: =COUNTA(L19) -> 0 | ... P90: =COUNTA(P19) -> 0 | T90: =COUNTA(T19) -> 0 | U90: =COUNTA(U19) -> 0 | V90: =COUNTA(V19) -> 0 | W90: =COUNTA(W19) -> 0 | X90: =COUNTA(X19) -> 0 | Y90: =COUNTA(Y19) -> 0 | Z90: =COUNTA(Z19) -> 0 | AA90: =COUNTA(AA19) -> 0 | ... AE90: =COUNTA(AE19) -> 0 | AI90: =COUNTA(AI19) -> 0 | AJ90: =COUNTA(AJ19) -> 0 | AK90: =COUNTA(AK19) -> 0 | AL90: =COUNTA(AL19) -> 0 | AM90: =COUNTA(AM19) -> 0 | AN90: =COUNTA(AN19) -> 0 | AO90: =COUNTA(AO19) -> 0 | AP90: =COUNTA(AP19) -> 0 | ... AT90: =COUNTA(AT19) -> 0 | AX90: =COUNTA(AX19) -> 0 | AY90: =COUNTA(AY19) -> 0 | AZ90: =COUNTA(AZ19) -> 0 | BA90: =COUNTA(BA19) -> 0 | BB90: =COUNTA(BB19) -> 0 | BC90: =COUNTA(BC19) -> 0 | BD90: =COUNTA(BD19) -> 0 | BE90: =COUNTA(BE19) -> 0 | ... BI90: =COUNTA(BI19) -> 0 | BM90: =COUNTA(BM19) -> 0 | BN90: =COUNTA(BN19) -> 0 | BO90: =COUNTA(BO19) -> 0 | BP90: =COUNTA(BP19) -> 0 | BQ90: =COUNTA(BQ19) -> 0 | BR90: =COUNTA(BR19) -> 0 | BS90: =COUNTA(BS19) -> 0 | BT90: =COUNTA(BT19) -> 0 | ... BX90: =COUNTA(BX19) -> 0
C91: Planejado4 | E91: =COUNTA(E23) -> 0 | F91: =COUNTA(F23) -> 0 | G91: =COUNTA(G23) -> 0 | H91: =COUNTA(H23) -> 0 | I91: =COUNTA(I23) -> 0 | J91: =COUNTA(J23) -> 0 | K91: =COUNTA(K23) -> 0 | L91: =COUNTA(L23) -> 0 | ... P91: =COUNTA(P23) -> 0 | T91: =COUNTA(T23) -> 0 | U91: =COUNTA(U23) -> 0 | V91: =COUNTA(V23) -> 0 | W91: =COUNTA(W23) -> 0 | X91: =COUNTA(X23) -> 0 | Y91: =COUNTA(Y23) -> 0 | Z91: =COUNTA(Z23) -> 0 | AA91: =COUNTA(AA23) -> 0 | ... AE91: =COUNTA(AE23) -> 0 | AI91: =COUNTA(AI23) -> 0 | AJ91: =COUNTA(AJ23) -> 0 | AK91: =COUNTA(AK23) -> 0 | AL91: =COUNTA(AL23) -> 0 | AM91: =COUNTA(AM23) -> 0 | AN91: =COUNTA(AN23) -> 0 | AO91: =COUNTA(AO23) -> 0 | AP91: =COUNTA(AP23) -> 0 | ... AT91: =COUNTA(AT23) -> 0 | AX91: =COUNTA(AX23) -> 0 | AY91: =COUNTA(AY23) -> 0 | AZ91: =COUNTA(AZ23) -> 0 | BA91: =COUNTA(BA23) -> 0 | BB91: =COUNTA(BB23) -> 0 | BC91: =COUNTA(BC23) -> 0 | BD91: =COUNTA(BD23) -> 0 | BE91: =COUNTA(BE23) -> 0 | ... BI91: =COUNTA(BI23) -> 0 | BM91: =COUNTA(BM23) -> 0 | BN91: =COUNTA(BN23) -> 0 | BO91: =COUNTA(BO23) -> 0 | BP91: =COUNTA(BP23) -> 0 | BQ91: =COUNTA(BQ23) -> 0 | BR91: =COUNTA(BR23) -> 0 | BS91: =COUNTA(BS23) -> 0 | BT91: =COUNTA(BT23) -> 0 | ... BX91: =COUNTA(BX23) -> 0
C92: Realizado4 | E92: =COUNTA(E24) -> 0 | F92: =COUNTA(F24) -> 0 | G92: =COUNTA(G24) -> 0 | H92: =COUNTA(H24) -> 0 | I92: =COUNTA(I24) -> 0 | J92: =COUNTA(J24) -> 0 | K92: =COUNTA(K24) -> 0 | L92: =COUNTA(L24) -> 0 | ... P92: =COUNTA(P24) -> 0 | T92: =COUNTA(T24) -> 0 | U92: =COUNTA(U24) -> 0 | V92: =COUNTA(V24) -> 0 | W92: =COUNTA(W24) -> 0 | X92: =COUNTA(X24) -> 0 | Y92: =COUNTA(Y24) -> 0 | Z92: =COUNTA(Z24) -> 0 | AA92: =COUNTA(AA24) -> 0 | ... AE92: =COUNTA(AE24) -> 0 | AI92: =COUNTA(AI24) -> 0 | AJ92: =COUNTA(AJ24) -> 0 | AK92: =COUNTA(AK24) -> 0 | AL92: =COUNTA(AL24) -> 0 | AM92: =COUNTA(AM24) -> 0 | AN92: =COUNTA(AN24) -> 0 | AO92: =COUNTA(AO24) -> 0 | AP92: =COUNTA(AP24) -> 0 | ... AT92: =COUNTA(AT24) -> 0 | AX92: =COUNTA(AX24) -> 0 | AY92: =COUNTA(AY24) -> 0 | AZ92: =COUNTA(AZ24) -> 0 | BA92: =COUNTA(BA24) -> 0 | BB92: =COUNTA(BB24) -> 0 | BC92: =COUNTA(BC24) -> 0 | BD92: =COUNTA(BD24) -> 0 | BE92: =COUNTA(BE24) -> 0 | ... BI92: =COUNTA(BI24) -> 0 | BM92: =COUNTA(BM24) -> 0 | BN92: =COUNTA(BN24) -> 0 | BO92: =COUNTA(BO24) -> 0 | BP92: =COUNTA(BP24) -> 0 | BQ92: =COUNTA(BQ24) -> 0 | BR92: =COUNTA(BR24) -> 0 | BS92: =COUNTA(BS24) -> 0 | BT92: =COUNTA(BT24) -> 0 | ... BX92: =COUNTA(BX24) -> 0
C93: Planejado5 | E93: =COUNTA(E28) -> 0 | F93: =COUNTA(F28) -> 0 | G93: =COUNTA(G28) -> 0 | H93: =COUNTA(H28) -> 0 | I93: =COUNTA(I28) -> 0 | J93: =COUNTA(J28) -> 0 | K93: =COUNTA(K28) -> 0 | L93: =COUNTA(L28) -> 0 | ... P93: =COUNTA(P28) -> 0 | T93: =COUNTA(T28) -> 0 | U93: =COUNTA(U28) -> 0 | V93: =COUNTA(V28) -> 0 | W93: =COUNTA(W28) -> 0 | X93: =COUNTA(X28) -> 0 | Y93: =COUNTA(Y28) -> 0 | Z93: =COUNTA(Z28) -> 0 | AA93: =COUNTA(AA28) -> 0 | ... AE93: =COUNTA(AE28) -> 0 | AI93: =COUNTA(AI28) -> 0 | AJ93: =COUNTA(AJ28) -> 0 | AK93: =COUNTA(AK28) -> 0 | AL93: =COUNTA(AL28) -> 0 | AM93: =COUNTA(AM28) -> 0 | AN93: =COUNTA(AN28) -> 0 | AO93: =COUNTA(AO28) -> 0 | AP93: =COUNTA(AP28) -> 0 | ... AT93: =COUNTA(AT28) -> 0 | AX93: =COUNTA(AX28) -> 0 | AY93: =COUNTA(AY28) -> 0 | AZ93: =COUNTA(AZ28) -> 0 | BA93: =COUNTA(BA28) -> 0 | BB93: =COUNTA(BB28) -> 0 | BC93: =COUNTA(BC28) -> 0 | BD93: =COUNTA(BD28) -> 0 | BE93: =COUNTA(BE28) -> 0 | ... BI93: =COUNTA(BI28) -> 0 | BM93: =COUNTA(BM28) -> 0 | BN93: =COUNTA(BN28) -> 0 | BO93: =COUNTA(BO28) -> 0 | BP93: =COUNTA(BP28) -> 0 | BQ93: =COUNTA(BQ28) -> 0 | BR93: =COUNTA(BR28) -> 0 | BS93: =COUNTA(BS28) -> 0 | BT93: =COUNTA(BT28) -> 0 | ... BX93: =COUNTA(BX28) -> 0
C94: Realizado5 | E94: =COUNTA(E29) -> 0 | F94: =COUNTA(F29) -> 0 | G94: =COUNTA(G29) -> 0 | H94: =COUNTA(H29) -> 0 | I94: =COUNTA(I29) -> 0 | J94: =COUNTA(J29) -> 0 | K94: =COUNTA(K29) -> 0 | L94: =COUNTA(L29) -> 0 | ... P94: =COUNTA(P29) -> 0 | T94: =COUNTA(T29) -> 0 | U94: =COUNTA(U29) -> 0 | V94: =COUNTA(V29) -> 0 | W94: =COUNTA(W29) -> 0 | X94: =COUNTA(X29) -> 0 | Y94: =COUNTA(Y29) -> 0 | Z94: =COUNTA(Z29) -> 0 | AA94: =COUNTA(AA29) -> 0 | ... AE94: =COUNTA(AE29) -> 0 | AI94: =COUNTA(AI29) -> 0 | AJ94: =COUNTA(AJ29) -> 0 | AK94: =COUNTA(AK29) -> 0 | AL94: =COUNTA(AL29) -> 0 | AM94: =COUNTA(AM29) -> 0 | AN94: =COUNTA(AN29) -> 0 | AO94: =COUNTA(AO29) -> 0 | AP94: =COUNTA(AP29) -> 0 | ... AT94: =COUNTA(AT29) -> 0 | AX94: =COUNTA(AX29) -> 0 | AY94: =COUNTA(AY29) -> 0 | AZ94: =COUNTA(AZ29) -> 0 | BA94: =COUNTA(BA29) -> 0 | BB94: =COUNTA(BB29) -> 0 | BC94: =COUNTA(BC29) -> 0 | BD94: =COUNTA(BD29) -> 0 | BE94: =COUNTA(BE29) -> 0 | ... BI94: =COUNTA(BI29) -> 0 | BM94: =COUNTA(BM29) -> 0 | BN94: =COUNTA(BN29) -> 0 | BO94: =COUNTA(BO29) -> 0 | BP94: =COUNTA(BP29) -> 0 | BQ94: =COUNTA(BQ29) -> 0 | BR94: =COUNTA(BR29) -> 0 | BS94: =COUNTA(BS29) -> 0 | BT94: =COUNTA(BT29) -> 0 | ... BX94: =COUNTA(BX29) -> 0
C95: Planejado6 | E95: =COUNTA(E33) -> 0 | F95: =COUNTA(F33) -> 0 | G95: =COUNTA(G33) -> 0 | H95: =COUNTA(H33) -> 0 | I95: =COUNTA(I33) -> 0 | J95: =COUNTA(J33) -> 0 | K95: =COUNTA(K33) -> 0 | L95: =COUNTA(L33) -> 0 | ... P95: =COUNTA(P33) -> 0 | T95: =COUNTA(T33) -> 0 | U95: =COUNTA(U33) -> 0 | V95: =COUNTA(V33) -> 0 | W95: =COUNTA(W33) -> 0 | X95: =COUNTA(X33) -> 0 | Y95: =COUNTA(Y33) -> 0 | Z95: =COUNTA(Z33) -> 0 | AA95: =COUNTA(AA33) -> 0 | ... AE95: =COUNTA(AE33) -> 0 | AI95: =COUNTA(AI33) -> 0 | AJ95: =COUNTA(AJ33) -> 0 | AK95: =COUNTA(AK33) -> 0 | AL95: =COUNTA(AL33) -> 0 | AM95: =COUNTA(AM33) -> 0 | AN95: =COUNTA(AN33) -> 0 | AO95: =COUNTA(AO33) -> 0 | AP95: =COUNTA(AP33) -> 0 | ... AT95: =COUNTA(AT33) -> 0 | AX95: =COUNTA(AX33) -> 0 | AY95: =COUNTA(AY33) -> 0 | AZ95: =COUNTA(AZ33) -> 0 | BA95: =COUNTA(BA33) -> 0 | BB95: =COUNTA(BB33) -> 0 | BC95: =COUNTA(BC33) -> 0 | BD95: =COUNTA(BD33) -> 0 | BE95: =COUNTA(BE33) -> 0 | ... BI95: =COUNTA(BI33) -> 0 | BM95: =COUNTA(BM33) -> 0 | BN95: =COUNTA(BN33) -> 0 | BO95: =COUNTA(BO33) -> 0 | BP95: =COUNTA(BP33) -> 0 | BQ95: =COUNTA(BQ33) -> 0 | BR95: =COUNTA(BR33) -> 0 | BS95: =COUNTA(BS33) -> 0 | BT95: =COUNTA(BT33) -> 0 | ... BX95: =COUNTA(BX33) -> 0
C96: Realizado6 | E96: =COUNTA(E34) -> 0 | F96: =COUNTA(F34) -> 0 | G96: =COUNTA(G34) -> 0 | H96: =COUNTA(H34) -> 0 | I96: =COUNTA(I34) -> 0 | J96: =COUNTA(J34) -> 0 | K96: =COUNTA(K34) -> 0 | L96: =COUNTA(L34) -> 0 | ... P96: =COUNTA(P34) -> 0 | T96: =COUNTA(T34) -> 0 | U96: =COUNTA(U34) -> 0 | V96: =COUNTA(V34) -> 0 | W96: =COUNTA(W34) -> 0 | X96: =COUNTA(X34) -> 0 | Y96: =COUNTA(Y34) -> 0 | Z96: =COUNTA(Z34) -> 0 | AA96: =COUNTA(AA34) -> 0 | ... AE96: =COUNTA(AE34) -> 0 | AI96: =COUNTA(AI34) -> 0 | AJ96: =COUNTA(AJ34) -> 0 | AK96: =COUNTA(AK34) -> 0 | AL96: =COUNTA(AL34) -> 0 | AM96: =COUNTA(AM34) -> 0 | AN96: =COUNTA(AN34) -> 0 | AO96: =COUNTA(AO34) -> 0 | AP96: =COUNTA(AP34) -> 0 | ... AT96: =COUNTA(AT34) -> 0 | AX96: =COUNTA(AX34) -> 0 | AY96: =COUNTA(AY34) -> 0 | AZ96: =COUNTA(AZ34) -> 0 | BA96: =COUNTA(BA34) -> 0 | BB96: =COUNTA(BB34) -> 0 | BC96: =COUNTA(BC34) -> 0 | BD96: =COUNTA(BD34) -> 0 | BE96: =COUNTA(BE34) -> 0 | ... BI96: =COUNTA(BI34) -> 0 | BM96: =COUNTA(BM34) -> 0 | BN96: =COUNTA(BN34) -> 0 | BO96: =COUNTA(BO34) -> 0 | BP96: =COUNTA(BP34) -> 0 | BQ96: =COUNTA(BQ34) -> 0 | BR96: =COUNTA(BR34) -> 0 | BS96: =COUNTA(BS34) -> 0 | BT96: =COUNTA(BT34) -> 0 | ... BX96: =COUNTA(BX34) -> 0
C97: Planejado7 | E97: =COUNTA(E38) -> 0 | F97: =COUNTA(F38) -> 0 | G97: =COUNTA(G38) -> 0 | H97: =COUNTA(H38) -> 0 | I97: =COUNTA(I38) -> 0 | J97: =COUNTA(J38) -> 0 | K97: =COUNTA(K38) -> 0 | L97: =COUNTA(L38) -> 0 | ... P97: =COUNTA(P38) -> 0 | T97: =COUNTA(T38) -> 0 | U97: =COUNTA(U38) -> 0 | V97: =COUNTA(V38) -> 0 | W97: =COUNTA(W38) -> 0 | X97: =COUNTA(X38) -> 0 | Y97: =COUNTA(Y38) -> 0 | Z97: =COUNTA(Z38) -> 0 | AA97: =COUNTA(AA38) -> 0 | ... AE97: =COUNTA(AE38) -> 0 | AI97: =COUNTA(AI38) -> 0 | AJ97: =COUNTA(AJ38) -> 0 | AK97: =COUNTA(AK38) -> 0 | AL97: =COUNTA(AL38) -> 0 | AM97: =COUNTA(AM38) -> 0 | AN97: =COUNTA(AN38) -> 0 | AO97: =COUNTA(AO38) -> 0 | AP97: =COUNTA(AP38) -> 0 | ... AT97: =COUNTA(AT38) -> 0 | AX97: =COUNTA(AX38) -> 0 | AY97: =COUNTA(AY38) -> 0 | AZ97: =COUNTA(AZ38) -> 0 | BA97: =COUNTA(BA38) -> 0 | BB97: =COUNTA(BB38) -> 0 | BC97: =COUNTA(BC38) -> 0 | BD97: =COUNTA(BD38) -> 0 | BE97: =COUNTA(BE38) -> 0 | ... BI97: =COUNTA(BI38) -> 0 | BM97: =COUNTA(BM38) -> 0 | BN97: =COUNTA(BN38) -> 0 | BO97: =COUNTA(BO38) -> 0 | BP97: =COUNTA(BP38) -> 0 | BQ97: =COUNTA(BQ38) -> 0 | BR97: =COUNTA(BR38) -> 0 | BS97: =COUNTA(BS38) -> 0 | BT97: =COUNTA(BT38) -> 0 | ... BX97: =COUNTA(BX38) -> 0
C98: Realizado7 | E98: =COUNTA(E39) -> 0 | F98: =COUNTA(F39) -> 0 | G98: =COUNTA(G39) -> 0 | H98: =COUNTA(H39) -> 0 | I98: =COUNTA(I39) -> 0 | J98: =COUNTA(J39) -> 0 | K98: =COUNTA(K39) -> 0 | L98: =COUNTA(L39) -> 0 | ... P98: =COUNTA(P39) -> 0 | T98: =COUNTA(T39) -> 0 | U98: =COUNTA(U39) -> 0 | V98: =COUNTA(V39) -> 0 | W98: =COUNTA(W39) -> 0 | X98: =COUNTA(X39) -> 0 | Y98: =COUNTA(Y39) -> 0 | Z98: =COUNTA(Z39) -> 0 | AA98: =COUNTA(AA39) -> 0 | ... AE98: =COUNTA(AE39) -> 0 | AI98: =COUNTA(AI39) -> 0 | AJ98: =COUNTA(AJ39) -> 0 | AK98: =COUNTA(AK39) -> 0 | AL98: =COUNTA(AL39) -> 0 | AM98: =COUNTA(AM39) -> 0 | AN98: =COUNTA(AN39) -> 0 | AO98: =COUNTA(AO39) -> 0 | AP98: =COUNTA(AP39) -> 0 | ... AT98: =COUNTA(AT39) -> 0 | AX98: =COUNTA(AX39) -> 0 | AY98: =COUNTA(AY39) -> 0 | AZ98: =COUNTA(AZ39) -> 0 | BA98: =COUNTA(BA39) -> 0 | BB98: =COUNTA(BB39) -> 0 | BC98: =COUNTA(BC39) -> 0 | BD98: =COUNTA(BD39) -> 0 | BE98: =COUNTA(BE39) -> 0 | ... BI98: =COUNTA(BI39) -> 0 | BM98: =COUNTA(BM39) -> 0 | BN98: =COUNTA(BN39) -> 0 | BO98: =COUNTA(BO39) -> 0 | BP98: =COUNTA(BP39) -> 0 | BQ98: =COUNTA(BQ39) -> 0 | BR98: =COUNTA(BR39) -> 0 | BS98: =COUNTA(BS39) -> 0 | BT98: =COUNTA(BT39) -> 0 | ... BX98: =COUNTA(BX39) -> 0
C99: Planejado8 | E99: =COUNTA(E43) -> 0 | F99: =COUNTA(F43) -> 0 | G99: =COUNTA(G43) -> 0 | H99: =COUNTA(H43) -> 0 | I99: =COUNTA(I43) -> 0 | J99: =COUNTA(J43) -> 0 | K99: =COUNTA(K43) -> 0 | L99: =COUNTA(L43) -> 0 | ... P99: =COUNTA(P43) -> 0 | T99: =COUNTA(T43) -> 0 | U99: =COUNTA(U43) -> 0 | V99: =COUNTA(V43) -> 0 | W99: =COUNTA(W43) -> 0 | X99: =COUNTA(X43) -> 0 | Y99: =COUNTA(Y43) -> 0 | Z99: =COUNTA(Z43) -> 0 | AA99: =COUNTA(AA43) -> 0 | ... AE99: =COUNTA(AE43) -> 0 | AI99: =COUNTA(AI43) -> 0 | AJ99: =COUNTA(AJ43) -> 0 | AK99: =COUNTA(AK43) -> 0 | AL99: =COUNTA(AL43) -> 0 | AM99: =COUNTA(AM43) -> 0 | AN99: =COUNTA(AN43) -> 0 | AO99: =COUNTA(AO43) -> 0 | AP99: =COUNTA(AP43) -> 0 | ... AT99: =COUNTA(AT43) -> 0 | AX99: =COUNTA(AX43) -> 0 | AY99: =COUNTA(AY43) -> 0 | AZ99: =COUNTA(AZ43) -> 0 | BA99: =COUNTA(BA43) -> 0 | BB99: =COUNTA(BB43) -> 0 | BC99: =COUNTA(BC43) -> 0 | BD99: =COUNTA(BD43) -> 0 | BE99: =COUNTA(BE43) -> 0 | ... BI99: =COUNTA(BI43) -> 0 | BM99: =COUNTA(BM43) -> 0 | BN99: =COUNTA(BN43) -> 0 | BO99: =COUNTA(BO43) -> 0 | BP99: =COUNTA(BP43) -> 0 | BQ99: =COUNTA(BQ43) -> 0 | BR99: =COUNTA(BR43) -> 0 | BS99: =COUNTA(BS43) -> 0 | BT99: =COUNTA(BT43) -> 0 | ... BX99: =COUNTA(BX43) -> 0
C100: Realizado8 | E100: =COUNTA(E44) -> 0 | F100: =COUNTA(F44) -> 0 | G100: =COUNTA(G44) -> 0 | H100: =COUNTA(H44) -> 0 | I100: =COUNTA(I44) -> 0 | J100: =COUNTA(J44) -> 0 | K100: =COUNTA(K44) -> 0 | L100: =COUNTA(L44) -> 0 | ... P100: =COUNTA(P44) -> 0 | T100: =COUNTA(T44) -> 0 | U100: =COUNTA(U44) -> 0 | V100: =COUNTA(V44) -> 0 | W100: =COUNTA(W44) -> 0 | X100: =COUNTA(X44) -> 0 | Y100: =COUNTA(Y44) -> 0 | Z100: =COUNTA(Z44) -> 0 | AA100: =COUNTA(AA44) -> 0 | ... AE100: =COUNTA(AE44) -> 0 | AI100: =COUNTA(AI44) -> 0 | AJ100: =COUNTA(AJ44) -> 0 | AK100: =COUNTA(AK44) -> 0 | AL100: =COUNTA(AL44) -> 0 | AM100: =COUNTA(AM44) -> 0 | AN100: =COUNTA(AN44) -> 0 | AO100: =COUNTA(AO44) -> 0 | AP100: =COUNTA(AP44) -> 0 | ... AT100: =COUNTA(AT44) -> 0 | AX100: =COUNTA(AX44) -> 0 | AY100: =COUNTA(AY44) -> 0 | AZ100: =COUNTA(AZ44) -> 0 | BA100: =COUNTA(BA44) -> 0 | BB100: =COUNTA(BB44) -> 0 | BC100: =COUNTA(BC44) -> 0 | BD100: =COUNTA(BD44) -> 0 | BE100: =COUNTA(BE44) -> 0 | ... BI100: =COUNTA(BI44) -> 0 | BM100: =COUNTA(BM44) -> 0 | BN100: =COUNTA(BN44) -> 0 | BO100: =COUNTA(BO44) -> 0 | BP100: =COUNTA(BP44) -> 0 | BQ100: =COUNTA(BQ44) -> 0 | BR100: =COUNTA(BR44) -> 0 | BS100: =COUNTA(BS44) -> 0 | BT100: =COUNTA(BT44) -> 0 | ... BX100: =COUNTA(BX44) -> 0

Sheet est2
C4: Estratégia para | D4: Perspectiva de Clientes
D5: 1 | Q5: =_xlfn.CONCAT(Q7,D5) -> Parcial1 | R5: =_xlfn.CONCAT(R7,D5) -> Total1 | T5: 2 | AF5: =_xlfn.CONCAT(AF7,T5) -> Parcial2 | AG5: =_xlfn.CONCAT(AG7,T5) -> Total2 | AI5: 3 | AU5: =_xlfn.CONCAT(AU7,AI5) -> Parcial3 | AV5: =_xlfn.CONCAT(AV7,AI5) -> Total3 | AX5: 4 | BJ5: =_xlfn.CONCAT(BJ7,AX5) -> Parcial4 | BK5: =_xlfn.CONCAT(BK7,AX5) -> Total4 | BM5: 5 | BY5: =_xlfn.CONCAT(BY7,BM5) -> Parcial5 | BZ5: =_xlfn.CONCAT(BZ7,BM5) -> Total5
D6: Ano 1 | T6: Ano 2 | AI6: Ano 3 | AX6: Ano 4 | BM6: Ano 5
B7: =1 -> 1 | C7: Meta 1 | D7: % | E7: Jan | F7: Fev | G7: Mar | H7: Abr | I7: Mai | J7: Jun | K7: Jul | L7: Ago | M7: Set | N7: Out | O7: Nov | P7: Dez | Q7: Parcial | R7: Total | T7: Jan | U7: Fev | V7: Mar | W7: Abr | X7: Mai | Y7: Jun | Z7: Jul | AA7: Ago | AB7: Set | AC7: Out | AD7: Nov | AE7: Dez | AF7: Parcial | AG7: Total | AI7: Jan | AJ7: Fev | AK7: Mar | AL7: Abr | AM7: Mai | AN7: Jun | AO7: Jul | AP7: Ago | AQ7: Set | AR7: Out | AS7: Nov | AT7: Dez | AU7: Parcial | AV7: Total | AX7: Jan | AY7: Fev | AZ7: Mar | BA7: Abr | BB7: Mai | BC7: Jun | BD7: Jul | BE7: Ago | BF7: Set | BG7: Out | BH7: Nov | BI7: Dez | BJ7: Parcial | BK7: Total | BM7: Jan | BN7: Fev | BO7: Mar | BP7: Abr | BQ7: Mai | BR7: Jun | BS7: Jul | BT7: Ago | BU7: Set | BV7: Out | BW7: Nov | BX7: Dez | BY7: Parcial | BZ7: Total
A8: =_xlfn.CONCAT(D8,B7) -> Planejado1 | C8: =C59 -> Aumentar: Base de clientes recorentes | D8: Planejado | Q8: =SUMIF(E86:P86,"=1",E8:P8) -> 0 | R8: =SUM(E8:P8) -> 0 | AF8: =SUMIF(T86:AE86,"=1",T8:AE8) -> 0 | AG8: =SUM(T8:AE8) -> 0 | AU8: =SUMIF(AI86:AT86,"=1",AI8:AT8) -> 0 | AV8: =SUM(AI8:AT8) -> 0 | BJ8: =SUMIF(AX86:BI86,"=1",AX8:BI8) -> 0 | BK8: =SUM(AX8:BI8) -> 0 | BY8: =SUMIF(BM86:BX86,"=1",BM8:BX8) -> 0 | BZ8: =SUM(BM8:BX8) -> 0
A9: =_xlfn.CONCAT(D9,B7) -> Realizado1 | D9: Realizado | Q9: =SUMIF(E86:P86,"=1",E9:P9) -> 0 | R9: =SUM(E9:P9) -> 0 | AF9: =SUMIF(T86:AE86,"=1",T9:AE9) -> 0 | AG9: =SUM(T9:AE9) -> 0 | AU9: =SUMIF(AI86:AT86,"=1",AI9:AT9) -> 0 | AV9: =SUM(AI9:AT9) -> 0 | BJ9: =SUMIF(AX86:BI86,"=1",AX9:BI9) -> 0 | BK9: =SUM(AX9:BI9) -> 0 | BY9: =SUMIF(BM86:BX86,"=1",BM9:BX9) -> 0 | BZ9: =SUM(BM9:BX9) -> 0
D10: Percentual | E10: =IF(OR(ISERR(E9/E8-1),E9=""),"",IF($A59=parametros!$I$3,E8/E9-1,E9/E8-1)) | F10: =IF(OR(ISERR(F9/F8-1),F9=""),"",IF($A59=parametros!$I$3,F8/F9-1,F9/F8-1)) | G10: =IF(OR(ISERR(G9/G8-1),G9=""),"",IF($A59=parametros!$I$3,G8/G9-1,G9/G8-1)) | H10: =IF(OR(ISERR(H9/H8-1),H9=""),"",IF($A59=parametros!$I$3,H8/H9-1,H9/H8-1)) | I10: =IF(OR(ISERR(I9/I8-1),I9=""),"",IF($A59=parametros!$I$3,I8/I9-1,I9/I8-1)) | J10: =IF(OR(ISERR(J9/J8-1),J9=""),"",IF($A59=parametros!$I$3,J8/J9-1,J9/J8-1)) | K10: =IF(OR(ISERR(K9/K8-1),K9=""),"",IF($A59=parametros!$I$3,K8/K9-1,K9/K8-1)) | L10: =IF(OR(ISERR(L9/L8-1),L9=""),"",IF($A59=parametros!$I$3,L8/L9-1,L9/L8-1)) | ... R10: =IF(OR(ISERR(R9/R8-1),R9=""),"",IF($A59=parametros!$I$3,R8/R9-1,R9/R8-1)) | T10: =IF(OR(ISERR(T9/T8-1),T9=""),"",IF($A59=parametros!$I$3,T8/T9-1,T9/T8-1)) | U10: =IF(OR(ISERR(U9/U8-1),U9=""),"",IF($A59=parametros!$I$3,U8/U9-1,U9/U8-1)) | V10: =IF(OR(ISERR(V9/V8-1),V9=""),"",IF($A59=parametros!$I$3,V8/V9-1,V9/V8-1)) | W10: =IF(OR(ISERR(W9/W8-1),W9=""),"",IF($A59=parametros!$I$3,W8/W9-1,W9/W8-1)) | X10: =IF(OR(ISERR(X9/X8-1),X9=""),"",IF($A59=parametros!$I$3,X8/X9-1,X9/X8-1)) | Y10: =IF(OR(ISERR(Y9/Y8-1),Y9=""),"",IF($A59=parametros!$I$3,Y8/Y9-1,Y9/Y8-1)) | Z10: =IF(OR(ISERR(Z9/Z8-1),Z9=""),"",IF($A59=parametros!$I$3,Z8/Z9-1,Z9/Z8-1)) | AA10: =IF(OR(ISERR(AA9/AA8-1),AA9=""),"",IF($A59=parametros!$I$3,AA8/AA9-1,AA9/AA8-1)) | ... AG10: =IF(OR(ISERR(AG9/AG8-1),AG9=""),"",IF($A59=parametros!$I$3,AG8/AG9-1,AG9/AG8-1)) | AI10: =IF(OR(ISERR(AI9/AI8-1),AI9=""),"",IF($A59=parametros!$I$3,AI8/AI9-1,AI9/AI8-1)) | AJ10: =IF(OR(ISERR(AJ9/AJ8-1),AJ9=""),"",IF($A59=parametros!$I$3,AJ8/AJ9-1,AJ9/AJ8-1)) | AK10: =IF(OR(ISERR(AK9/AK8-1),AK9=""),"",IF($A59=parametros!$I$3,AK8/AK9-1,AK9/AK8-1)) | AL10: =IF(OR(ISERR(AL9/AL8-1),AL9=""),"",IF($A59=parametros!$I$3,AL8/AL9-1,AL9/AL8-1)) | AM10: =IF(OR(ISERR(AM9/AM8-1),AM9=""),"",IF($A59=parametros!$I$3,AM8/AM9-1,AM9/AM8-1)) | AN10: =IF(OR(ISERR(AN9/AN8-1),AN9=""),"",IF($A59=parametros!$I$3,AN8/AN9-1,AN9/AN8-1)) | AO10: =IF(OR(ISERR(AO9/AO8-1),AO9=""),"",IF($A59=parametros!$I$3,AO8/AO9-1,AO9/AO8-1)) | AP10: =IF(OR(ISERR(AP9/AP8-1),AP9=""),"",IF($A59=parametros!$I$3,AP8/AP9-1,AP9/AP8-1)) | ... AV10: =IF(OR(ISERR(AV9/AV8-1),AV9=""),"",IF($A59=parametros!$I$3,AV8/AV9-1,AV9/AV8-1)) | AX10: =IF(OR(ISERR(AX9/AX8-1),AX9=""),"",IF($A59=parametros!$I$3,AX8/AX9-1,AX9/AX8-1)) | AY10: =IF(OR(ISERR(AY9/AY8-1),AY9=""),"",IF($A59=parametros!$I$3,AY8/AY9-1,AY9/AY8-1)) | AZ10: =IF(OR(ISERR(AZ9/AZ8-1),AZ9=""),"",IF($A59=parametros!$I$3,AZ8/AZ9-1,AZ9/AZ8-1)) | BA10: =IF(OR(ISERR(BA9/BA8-1),BA9=""),"",IF($A59=parametros!$I$3,BA8/BA9-1,BA9/BA8-1)) | BB10: =IF(OR(ISERR(BB9/BB8-1),BB9=""),"",IF($A59=parametros!$I$3,BB8/BB9-1,BB9/BB8-1)) | BC10: =IF(OR(ISERR(BC9/BC8-1),BC9=""),"",IF($A59=parametros!$I$3,BC8/BC9-1,BC9/BC8-1)) | BD10: =IF(OR(ISERR(BD9/BD8-1),BD9=""),"",IF($A59=parametros!$I$3,BD8/BD9-1,BD9/BD8-1)) | BE10: =IF(OR(ISERR(BE9/BE8-1),BE9=""),"",IF($A59=parametros!$I$3,BE8/BE9-1,BE9/BE8-1)) | ... BK10: =IF(OR(ISERR(BK9/BK8-1),BK9=""),"",IF($A59=parametros!$I$3,BK8/BK9-1,BK9/BK8-1)) | BM10: =IF(OR(ISERR(BM9/BM8-1),BM9=""),"",IF($A59=parametros!$I$3,BM8/BM9-1,BM9/BM8-1)) | BN10: =IF(OR(ISERR(BN9/BN8-1),BN9=""),"",IF($A59=parametros!$I$3,BN8/BN9-1,BN9/BN8-1)) | BO10: =IF(OR(ISERR(BO9/BO8-1),BO9=""),"",IF($A59=parametros!$I$3,BO8/BO9-1,BO9/BO8-1)) | BP10: =IF(OR(ISERR(BP9/BP8-1),BP9=""),"",IF($A59=parametros!$I$3,BP8/BP9-1,BP9/BP8-1)) | BQ10: =IF(OR(ISERR(BQ9/BQ8-1),BQ9=""),"",IF($A59=parametros!$I$3,BQ8/BQ9-1,BQ9/BQ8-1)) | BR10: =IF(OR(ISERR(BR9/BR8-1),BR9=""),"",IF($A59=parametros!$I$3,BR8/BR9-1,BR9/BR8-1)) | BS10: =IF(OR(ISERR(BS9/BS8-1),BS9=""),"",IF($A59=parametros!$I$3,BS8/BS9-1,BS9/BS8-1)) | BT10: =IF(OR(ISERR(BT9/BT8-1),BT9=""),"",IF($A59=parametros!$I$3,BT8/BT9-1,BT9/BT8-1)) | ... BZ10: =IF(OR(ISERR(BZ9/BZ8-1),BZ9=""),"",IF($A59=parametros!$I$3,BZ8/BZ9-1,BZ9/BZ8-1))
B12: =2 -> 2 | C12: Meta 2 | D12: Número | E12: Jan | F12: Fev | G12: Mar | H12: Abr | I12: Mai | J12: Jun | K12: Jul | L12: Ago | M12: Set | N12: Out | O12: Nov | P12: Dez | Q12: Parcial | R12: Total | T12: Jan | U12: Fev | V12: Mar | W12: Abr | X12: Mai | Y12: Jun | Z12: Jul | AA12: Ago | AB12: Set | AC12: Out | AD12: Nov | AE12: Dez | AF12: Parcial | AG12: Total | AI12: Jan | AJ12: Fev | AK12: Mar | AL12: Abr | AM12: Mai | AN12: Jun | AO12: Jul | AP12: Ago | AQ12: Set | AR12: Out | AS12: Nov | AT12: Dez | AU12: Parcial | AV12: Total | AX12: Jan | AY12: Fev | AZ12: Mar | BA12: Abr | BB12: Mai | BC12: Jun | BD12: Jul | BE12: Ago | BF12: Set | BG12: Out | BH12: Nov | BI12: Dez | BJ12: Parcial | BK12: Total | BM12: Jan | BN12: Fev | BO12: Mar | BP12: Abr | BQ12: Mai | BR12: Jun | BS12: Jul | BT12: Ago | BU12: Set | BV12: Out | BW12: Nov | BX12: Dez | BY12: Parcial | BZ12: Total
A13: =_xlfn.CONCAT(D13,B12) -> Planejado2 | C13: =C60 -> Aumentar: Taxa de recompra (Fidelidade) | D13: Planejado | Q13: =SUMIF(E88:P88,"=1",E13:P13) -> 0 | R13: =SUM(E13:P13) -> 0 | AF13: =SUMIF(T88:AE88,"=1",T13:AE13) -> 0 | AG13: =SUM(T13:AE13) -> 0 | AU13: =SUMIF(AI88:AT88,"=1",AI13:AT13) -> 0 | AV13: =SUM(AI13:AT13) -> 0 | BJ13: =SUMIF(AX88:BI88,"=1",AX13:BI13) -> 0 | BK13: =SUM(AX13:BI13) -> 0 | BY13: =SUMIF(BM88:BX88,"=1",BM13:BX13) -> 0 | BZ13: =SUM(BM13:BX13) -> 0
A14: =_xlfn.CONCAT(D14,B12) -> Realizado2 | D14: Realizado | Q14: =SUMIF(E88:P88,"=1",E14:P14) -> 0 | R14: =SUM(E14:P14) -> 0 | AF14: =SUMIF(T88:AE88,"=1",T14:AE14) -> 0 | AG14: =SUM(T14:AE14) -> 0 | AU14: =SUMIF(AI88:AT88,"=1",AI14:AT14) -> 0 | AV14: =SUM(AI14:AT14) -> 0 | BJ14: =SUMIF(AX88:BI88,"=1",AX14:BI14) -> 0 | BK14: =SUM(AX14:BI14) -> 0 | BY14: =SUMIF(BM88:BX88,"=1",BM14:BX14) -> 0 | BZ14: =SUM(BM14:BX14) -> 0
D15: Percentual | E15: =IF(OR(ISERR(E14/E13-1),E14=""),"",IF($A64=parametros!$I$3,E13/E14-1,E14/E13-1)) | F15: =IF(OR(ISERR(F14/F13-1),F14=""),"",IF($A64=parametros!$I$3,F13/F14-1,F14/F13-1)) | G15: =IF(OR(ISERR(G14/G13-1),G14=""),"",IF($A64=parametros!$I$3,G13/G14-1,G14/G13-1)) | H15: =IF(OR(ISERR(H14/H13-1),H14=""),"",IF($A64=parametros!$I$3,H13/H14-1,H14/H13-1)) | I15: =IF(OR(ISERR(I14/I13-1),I14=""),"",IF($A64=parametros!$I$3,I13/I14-1,I14/I13-1)) | J15: =IF(OR(ISERR(J14/J13-1),J14=""),"",IF($A64=parametros!$I$3,J13/J14-1,J14/J13-1)) | K15: =IF(OR(ISERR(K14/K13-1),K14=""),"",IF($A64=parametros!$I$3,K13/K14-1,K14/K13-1)) | L15: =IF(OR(ISERR(L14/L13-1),L14=""),"",IF($A64=parametros!$I$3,L13/L14-1,L14/L13-1)) | ... R15: =IF(OR(ISERR(R14/R13-1),R14=""),"",IF($A64=parametros!$I$3,R13/R14-1,R14/R13-1)) | T15: =IF(OR(ISERR(T14/T13-1),T14=""),"",IF($A64=parametros!$I$3,T13/T14-1,T14/T13-1)) | U15: =IF(OR(ISERR(U14/U13-1),U14=""),"",IF($A64=parametros!$I$3,U13/U14-1,U14/U13-1)) | V15: =IF(OR(ISERR(V14/V13-1),V14=""),"",IF($A64=parametros!$I$3,V13/V14-1,V14/V13-1)) | W15: =IF(OR(ISERR(W14/W13-1),W14=""),"",IF($A64=parametros!$I$3,W13/W14-1,W14/W13-1)) | X15: =IF(OR(ISERR(X14/X13-1),X14=""),"",IF($A64=parametros!$I$3,X13/X14-1,X14/X13-1)) | Y15: =IF(OR(ISERR(Y14/Y13-1),Y14=""),"",IF($A64=parametros!$I$3,Y13/Y14-1,Y14/Y13-1)) | Z15: =IF(OR(ISERR(Z14/Z13-1),Z14=""),"",IF($A64=parametros!$I$3,Z13/Z14-1,Z14/Z13-1)) | AA15: =IF(OR(ISERR(AA14/AA13-1),AA14=""),"",IF($A64=parametros!$I$3,AA13/AA14-1,AA14/AA13-1)) | ... AG15: =IF(OR(ISERR(AG14/AG13-1),AG14=""),"",IF($A64=parametros!$I$3,AG13/AG14-1,AG14/AG13-1)) | AI15: =IF(OR(ISERR(AI14/AI13-1),AI14=""),"",IF($A64=parametros!$I$3,AI13/AI14-1,AI14/AI13-1)) | AJ15: =IF(OR(ISERR(AJ14/AJ13-1),AJ14=""),"",IF($A64=parametros!$I$3,AJ13/AJ14-1,AJ14/AJ13-1)) | AK15: =IF(OR(ISERR(AK14/AK13-1),AK14=""),"",IF($A64=parametros!$I$3,AK13/AK14-1,AK14/AK13-1)) | AL15: =IF(OR(ISERR(AL14/AL13-1),AL14=""),"",IF($A64=parametros!$I$3,AL13/AL14-1,AL14/AL13-1)) | AM15: =IF(OR(ISERR(AM14/AM13-1),AM14=""),"",IF($A64=parametros!$I$3,AM13/AM14-1,AM14/AM13-1)) | AN15: =IF(OR(ISERR(AN14/AN13-1),AN14=""),"",IF($A64=parametros!$I$3,AN13/AN14-1,AN14/AN13-1)) | AO15: =IF(OR(ISERR(AO14/AO13-1),AO14=""),"",IF($A64=parametros!$I$3,AO13/AO14-1,AO14/AO13-1)) | AP15: =IF(OR(ISERR(AP14/AP13-1),AP14=""),"",IF($A64=parametros!$I$3,AP13/AP14-1,AP14/AP13-1)) | ... AV15: =IF(OR(ISERR(AV14/AV13-1),AV14=""),"",IF($A64=parametros!$I$3,AV13/AV14-1,AV14/AV13-1)) | AX15: =IF(OR(ISERR(AX14/AX13-1),AX14=""),"",IF($A64=parametros!$I$3,AX13/AX14-1,AX14/AX13-1)) | AY15: =IF(OR(ISERR(AY14/AY13-1),AY14=""),"",IF($A64=parametros!$I$3,AY13/AY14-1,AY14/AY13-1)) | AZ15: =IF(OR(ISERR(AZ14/AZ13-1),AZ14=""),"",IF($A64=parametros!$I$3,AZ13/AZ14-1,AZ14/AZ13-1)) | BA15: =IF(OR(ISERR(BA14/BA13-1),BA14=""),"",IF($A64=parametros!$I$3,BA13/BA14-1,BA14/BA13-1)) | BB15: =IF(OR(ISERR(BB14/BB13-1),BB14=""),"",IF($A64=parametros!$I$3,BB13/BB14-1,BB14/BB13-1)) | BC15: =IF(OR(ISERR(BC14/BC13-1),BC14=""),"",IF($A64=parametros!$I$3,BC13/BC14-1,BC14/BC13-1)) | BD15: =IF(OR(ISERR(BD14/BD13-1),BD14=""),"",IF($A64=parametros!$I$3,BD13/BD14-1,BD14/BD13-1)) | BE15: =IF(OR(ISERR(BE14/BE13-1),BE14=""),"",IF($A64=parametros!$I$3,BE13/BE14-1,BE14/BE13-1)) | ... BK15: =IF(OR(ISERR(BK14/BK13-1),BK14=""),"",IF($A64=parametros!$I$3,BK13/BK14-1,BK14/BK13-1)) | BM15: =IF(OR(ISERR(BM14/BM13-1),BM14=""),"",IF($A64=parametros!$I$3,BM13/BM14-1,BM14/BM13-1)) | BN15: =IF(OR(ISERR(BN14/BN13-1),BN14=""),"",IF($A64=parametros!$I$3,BN13/BN14-1,BN14/BN13-1)) | BO15: =IF(OR(ISERR(BO14/BO13-1),BO14=""),"",IF($A64=parametros!$I$3,BO13/BO14-1,BO14/BO13-1)) | BP15: =IF(OR(ISERR(BP14/BP13-1),BP14=""),"",IF($A64=parametros!$I$3,BP13/BP14-1,BP14/BP13-1)) | BQ15: =IF(OR(ISERR(BQ14/BQ13-1),BQ14=""),"",IF($A64=parametros!$I$3,BQ13/BQ14-1,BQ14/BQ13-1)) | BR15: =IF(OR(ISERR(BR14/BR13-1),BR14=""),"",IF($A64=parametros!$I$3,BR13/BR14-1,BR14/BR13-1)) | BS15: =IF(OR(ISERR(BS14/BS13-1),BS14=""),"",IF($A64=parametros!$I$3,BS13/BS14-1,BS14/BS13-1)) | BT15: =IF(OR(ISERR(BT14/BT13-1),BT14=""),"",IF($A64=parametros!$I$3,BT13/BT14-1,BT14/BT13-1)) | ... BZ15: =IF(OR(ISERR(BZ14/BZ13-1),BZ14=""),"",IF($A64=parametros!$I$3,BZ13/BZ14-1,BZ14/BZ13-1))
B17: =3 -> 3 | C17: Meta 3 | D17: Número | E17: Jan | F17: Fev | G17: Mar | H17: Abr | I17: Mai | J17: Jun | K17: Jul | L17: Ago | M17: Set | N17: Out | O17: Nov | P17: Dez | Q17: Parcial | R17: Total | T17: Jan | U17: Fev | V17: Mar | W17: Abr | X17: Mai | Y17: Jun | Z17: Jul | AA17: Ago | AB17: Set | AC17: Out | AD17: Nov | AE17: Dez | AF17: Parcial | AG17: Total | AI17: Jan | AJ17: Fev | AK17: Mar | AL17: Abr | AM17: Mai | AN17: Jun | AO17: Jul | AP17: Ago | AQ17: Set | AR17: Out | AS17: Nov | AT17: Dez | AU17: Parcial | AV17: Total | AX17: Jan | AY17: Fev | AZ17: Mar | BA17: Abr | BB17: Mai | BC17: Jun | BD17: Jul | BE17: Ago | BF17: Set | BG17: Out | BH17: Nov | BI17: Dez | BJ17: Parcial | BK17: Total | BM17: Jan | BN17: Fev | BO17: Mar | BP17: Abr | BQ17: Mai | BR17: Jun | BS17: Jul | BT17: Ago | BU17: Set | BV17: Out | BW17: Nov | BX17: Dez | BY17: Parcial | BZ17: Total
A18: =_xlfn.CONCAT(D18,B17) -> Planejado3 | C18: =C61 -> Aumentar: Agendamentos pelo instagram e whatsapp | D18: Planejado | Q18: =SUMIF(E90:P90,"=1",E18:P18) -> 0 | R18: =SUM(E18:P18) -> 0 | AF18: =SUMIF(T90:AE90,"=1",T18:AE18) -> 0 | AG18: =SUM(T18:AE18) -> 0 | AU18: =SUMIF(AI90:AT90,"=1",AI18:AT18) -> 0 | AV18: =SUM(AI18:AT18) -> 0 | BJ18: =SUMIF(AX90:BI90,"=1",AX18:BI18) -> 0 | BK18: =SUM(AX18:BI18) -> 0 | BY18: =SUMIF(BM90:BX90,"=1",BM18:BX18) -> 0 | BZ18: =SUM(BM18:BX18) -> 0
A19: =_xlfn.CONCAT(D19,B17) -> Realizado3 | D19: Realizado | Q19: =SUMIF(E90:P90,"=1",E19:P19) -> 0 | R19: =SUM(E19:P19) -> 0 | AF19: =SUMIF(T90:AE90,"=1",T19:AE19) -> 0 | AG19: =SUM(T19:AE19) -> 0 | AU19: =SUMIF(AI90:AT90,"=1",AI19:AT19) -> 0 | AV19: =SUM(AI19:AT19) -> 0 | BJ19: =SUMIF(AX90:BI90,"=1",AX19:BI19) -> 0 | BK19: =SUM(AX19:BI19) -> 0 | BY19: =SUMIF(BM90:BX90,"=1",BM19:BX19) -> 0 | BZ19: =SUM(BM19:BX19) -> 0
D20: Percentual | E20: =IF(OR(ISERR(E19/E18-1),E19=""),"",IF($B69=parametros!$I$3,E18/E19-1,E19/E18-1)) | F20: =IF(OR(ISERR(F19/F18-1),F19=""),"",IF($B69=parametros!$I$3,F18/F19-1,F19/F18-1)) | G20: =IF(OR(ISERR(G19/G18-1),G19=""),"",IF($B69=parametros!$I$3,G18/G19-1,G19/G18-1)) | H20: =IF(OR(ISERR(H19/H18-1),H19=""),"",IF($B69=parametros!$I$3,H18/H19-1,H19/H18-1)) | I20: =IF(OR(ISERR(I19/I18-1),I19=""),"",IF($B69=parametros!$I$3,I18/I19-1,I19/I18-1)) | J20: =IF(OR(ISERR(J19/J18-1),J19=""),"",IF($B69=parametros!$I$3,J18/J19-1,J19/J18-1)) | K20: =IF(OR(ISERR(K19/K18-1),K19=""),"",IF($B69=parametros!$I$3,K18/K19-1,K19/K18-1)) | L20: =IF(OR(ISERR(L19/L18-1),L19=""),"",IF($B69=parametros!$I$3,L18/L19-1,L19/L18-1)) | ... R20: =IF(OR(ISERR(R19/R18-1),R19=""),"",IF($B69=parametros!$I$3,R18/R19-1,R19/R18-1)) | T20: =IF(OR(ISERR(T19/T18-1),T19=""),"",IF($B69=parametros!$I$3,T18/T19-1,T19/T18-1)) | U20: =IF(OR(ISERR(U19/U18-1),U19=""),"",IF($B69=parametros!$I$3,U18/U19-1,U19/U18-1)) | V20: =IF(OR(ISERR(V19/V18-1),V19=""),"",IF($B69=parametros!$I$3,V18/V19-1,V19/V18-1)) | W20: =IF(OR(ISERR(W19/W18-1),W19=""),"",IF($B69=parametros!$I$3,W18/W19-1,W19/W18-1)) | X20: =IF(OR(ISERR(X19/X18-1),X19=""),"",IF($B69=parametros!$I$3,X18/X19-1,X19/X18-1)) | Y20: =IF(OR(ISERR(Y19/Y18-1),Y19=""),"",IF($B69=parametros!$I$3,Y18/Y19-1,Y19/Y18-1)) | Z20: =IF(OR(ISERR(Z19/Z18-1),Z19=""),"",IF($B69=parametros!$I$3,Z18/Z19-1,Z19/Z18-1)) | AA20: =IF(OR(ISERR(AA19/AA18-1),AA19=""),"",IF($B69=parametros!$I$3,AA18/AA19-1,AA19/AA18-1)) | ... AG20: =IF(OR(ISERR(AG19/AG18-1),AG19=""),"",IF($B69=parametros!$I$3,AG18/AG19-1,AG19/AG18-1)) | AI20: =IF(OR(ISERR(AI19/AI18-1),AI19=""),"",IF($B69=parametros!$I$3,AI18/AI19-1,AI19/AI18-1)) | AJ20: =IF(OR(ISERR(AJ19/AJ18-1),AJ19=""),"",IF($B69=parametros!$I$3,AJ18/AJ19-1,AJ19/AJ18-1)) | AK20: =IF(OR(ISERR(AK19/AK18-1),AK19=""),"",IF($B69=parametros!$I$3,AK18/AK19-1,AK19/AK18-1)) | AL20: =IF(OR(ISERR(AL19/AL18-1),AL19=""),"",IF($B69=parametros!$I$3,AL18/AL19-1,AL19/AL18-1)) | AM20: =IF(OR(ISERR(AM19/AM18-1),AM19=""),"",IF($B69=parametros!$I$3,AM18/AM19-1,AM19/AM18-1)) | AN20: =IF(OR(ISERR(AN19/AN18-1),AN19=""),"",IF($B69=parametros!$I$3,AN18/AN19-1,AN19/AN18-1)) | AO20: =IF(OR(ISERR(AO19/AO18-1),AO19=""),"",IF($B69=parametros!$I$3,AO18/AO19-1,AO19/AO18-1)) | AP20: =IF(OR(ISERR(AP19/AP18-1),AP19=""),"",IF($B69=parametros!$I$3,AP18/AP19-1,AP19/AP18-1)) | ... AV20: =IF(OR(ISERR(AV19/AV18-1),AV19=""),"",IF($B69=parametros!$I$3,AV18/AV19-1,AV19/AV18-1)) | AX20: =IF(OR(ISERR(AX19/AX18-1),AX19=""),"",IF($B69=parametros!$I$3,AX18/AX19-1,AX19/AX18-1)) | AY20: =IF(OR(ISERR(AY19/AY18-1),AY19=""),"",IF($B69=parametros!$I$3,AY18/AY19-1,AY19/AY18-1)) | AZ20: =IF(OR(ISERR(AZ19/AZ18-1),AZ19=""),"",IF($B69=parametros!$I$3,AZ18/AZ19-1,AZ19/AZ18-1)) | BA20: =IF(OR(ISERR(BA19/BA18-1),BA19=""),"",IF($B69=parametros!$I$3,BA18/BA19-1,BA19/BA18-1)) | BB20: =IF(OR(ISERR(BB19/BB18-1),BB19=""),"",IF($B69=parametros!$I$3,BB18/BB19-1,BB19/BB18-1)) | BC20: =IF(OR(ISERR(BC19/BC18-1),BC19=""),"",IF($B69=parametros!$I$3,BC18/BC19-1,BC19/BC18-1)) | BD20: =IF(OR(ISERR(BD19/BD18-1),BD19=""),"",IF($B69=parametros!$I$3,BD18/BD19-1,BD19/BD18-1)) | BE20: =IF(OR(ISERR(BE19/BE18-1),BE19=""),"",IF($B69=parametros!$I$3,BE18/BE19-1,BE19/BE18-1)) | ... BK20: =IF(OR(ISERR(BK19/BK18-1),BK19=""),"",IF($B69=parametros!$I$3,BK18/BK19-1,BK19/BK18-1)) | BM20: =IF(OR(ISERR(BM19/BM18-1),BM19=""),"",IF($B69=parametros!$I$3,BM18/BM19-1,BM19/BM18-1)) | BN20: =IF(OR(ISERR(BN19/BN18-1),BN19=""),"",IF($B69=parametros!$I$3,BN18/BN19-1,BN19/BN18-1)) | BO20: =IF(OR(ISERR(BO19/BO18-1),BO19=""),"",IF($B69=parametros!$I$3,BO18/BO19-1,BO19/BO18-1)) | BP20: =IF(OR(ISERR(BP19/BP18-1),BP19=""),"",IF($B69=parametros!$I$3,BP18/BP19-1,BP19/BP18-1)) | BQ20: =IF(OR(ISERR(BQ19/BQ18-1),BQ19=""),"",IF($B69=parametros!$I$3,BQ18/BQ19-1,BQ19/BQ18-1)) | BR20: =IF(OR(ISERR(BR19/BR18-1),BR19=""),"",IF($B69=parametros!$I$3,BR18/BR19-1,BR19/BR18-1)) | BS20: =IF(OR(ISERR(BS19/BS18-1),BS19=""),"",IF($B69=parametros!$I$3,BS18/BS19-1,BS19/BS18-1)) | BT20: =IF(OR(ISERR(BT19/BT18-1),BT19=""),"",IF($B69=parametros!$I$3,BT18/BT19-1,BT19/BT18-1)) | ... BZ20: =IF(OR(ISERR(BZ19/BZ18-1),BZ19=""),"",IF($B69=parametros!$I$3,BZ18/BZ19-1,BZ19/BZ18-1))
B22: =4 -> 4 | C22: Meta 4 | D22: Número | E22: Jan | F22: Fev | G22: Mar | H22: Abr | I22: Mai | J22: Jun | K22: Jul | L22: Ago | M22: Set | N22: Out | O22: Nov | P22: Dez | Q22: Parcial | R22: Total | T22: Jan | U22: Fev | V22: Mar | W22: Abr | X22: Mai | Y22: Jun | Z22: Jul | AA22: Ago | AB22: Set | AC22: Out | AD22: Nov | AE22: Dez | AF22: Parcial | AG22: Total | AI22: Jan | AJ22: Fev | AK22: Mar | AL22: Abr | AM22: Mai | AN22: Jun | AO22: Jul | AP22: Ago | AQ22: Set | AR22: Out | AS22: Nov | AT22: Dez | AU22: Parcial | AV22: Total | AX22: Jan | AY22: Fev | AZ22: Mar | BA22: Abr | BB22: Mai | BC22: Jun | BD22: Jul | BE22: Ago | BF22: Set | BG22: Out | BH22: Nov | BI22: Dez | BJ22: Parcial | BK22: Total | BM22: Jan | BN22: Fev | BO22: Mar | BP22: Abr | BQ22: Mai | BR22: Jun | BS22: Jul | BT22: Ago | BU22: Set | BV22: Out | BW22: Nov | BX22: Dez | BY22: Parcial | BZ22: Total
A23: =_xlfn.CONCAT(D23,B22) -> Planejado4 | C23: =C62 -> Aumentar: Alavancar Engajamento médio | D23: Planejado | Q23: =SUMIF(E92:P92,"=1",E23:P23) -> 0 | R23: =SUM(E23:P23) -> 0 | AF23: =SUMIF(T92:AE92,"=1",T23:AE23) -> 0 | AG23: =SUM(T23:AE23) -> 0 | AU23: =SUMIF(AI92:AT92,"=1",AI23:AT23) -> 0 | AV23: =SUM(AI23:AT23) -> 0 | BJ23: =SUMIF(AX92:BI92,"=1",AX23:BI23) -> 0 | BK23: =SUM(AX23:BI23) -> 0 | BY23: =SUMIF(BM92:BX92,"=1",BM23:BX23) -> 0 | BZ23: =SUM(BM23:BX23) -> 0
A24: =_xlfn.CONCAT(D24,B22) -> Realizado4 | D24: Realizado | Q24: =SUMIF(E92:P92,"=1",E24:P24) -> 0 | R24: =SUM(E24:P24) -> 0 | AF24: =SUMIF(T92:AE92,"=1",T24:AE24) -> 0 | AG24: =SUM(T24:AE24) -> 0 | AU24: =SUMIF(AI92:AT92,"=1",AI24:AT24) -> 0 | AV24: =SUM(AI24:AT24) -> 0 | BJ24: =SUMIF(AX92:BI92,"=1",AX24:BI24) -> 0 | BK24: =SUM(AX24:BI24) -> 0 | BY24: =SUMIF(BM92:BX92,"=1",BM24:BX24) -> 0 | BZ24: =SUM(BM24:BX24) -> 0
D25: Percentual | E25: =IF(OR(ISERR(E24/E23-1),E24=""),"",IF($B74=parametros!$I$3,E23/E24-1,E24/E23-1)) | F25: =IF(OR(ISERR(F24/F23-1),F24=""),"",IF($B74=parametros!$I$3,F23/F24-1,F24/F23-1)) | G25: =IF(OR(ISERR(G24/G23-1),G24=""),"",IF($B74=parametros!$I$3,G23/G24-1,G24/G23-1)) | H25: =IF(OR(ISERR(H24/H23-1),H24=""),"",IF($B74=parametros!$I$3,H23/H24-1,H24/H23-1)) | I25: =IF(OR(ISERR(I24/I23-1),I24=""),"",IF($B74=parametros!$I$3,I23/I24-1,I24/I23-1)) | J25: =IF(OR(ISERR(J24/J23-1),J24=""),"",IF($B74=parametros!$I$3,J23/J24-1,J24/J23-1)) | K25: =IF(OR(ISERR(K24/K23-1),K24=""),"",IF($B74=parametros!$I$3,K23/K24-1,K24/K23-1)) | L25: =IF(OR(ISERR(L24/L23-1),L24=""),"",IF($B74=parametros!$I$3,L23/L24-1,L24/L23-1)) | ... R25: =IF(OR(ISERR(R24/R23-1),R24=""),"",IF($B74=parametros!$I$3,R23/R24-1,R24/R23-1)) | T25: =IF(OR(ISERR(T24/T23-1),T24=""),"",IF($B74=parametros!$I$3,T23/T24-1,T24/T23-1)) | U25: =IF(OR(ISERR(U24/U23-1),U24=""),"",IF($B74=parametros!$I$3,U23/U24-1,U24/U23-1)) | V25: =IF(OR(ISERR(V24/V23-1),V24=""),"",IF($B74=parametros!$I$3,V23/V24-1,V24/V23-1)) | W25: =IF(OR(ISERR(W24/W23-1),W24=""),"",IF($B74=parametros!$I$3,W23/W24-1,W24/W23-1)) | X25: =IF(OR(ISERR(X24/X23-1),X24=""),"",IF($B74=parametros!$I$3,X23/X24-1,X24/X23-1)) | Y25: =IF(OR(ISERR(Y24/Y23-1),Y24=""),"",IF($B74=parametros!$I$3,Y23/Y24-1,Y24/Y23-1)) | Z25: =IF(OR(ISERR(Z24/Z23-1),Z24=""),"",IF($B74=parametros!$I$3,Z23/Z24-1,Z24/Z23-1)) | AA25: =IF(OR(ISERR(AA24/AA23-1),AA24=""),"",IF($B74=parametros!$I$3,AA23/AA24-1,AA24/AA23-1)) | ... AG25: =IF(OR(ISERR(AG24/AG23-1),AG24=""),"",IF($B74=parametros!$I$3,AG23/AG24-1,AG24/AG23-1)) | AI25: =IF(OR(ISERR(AI24/AI23-1),AI24=""),"",IF($B74=parametros!$I$3,AI23/AI24-1,AI24/AI23-1)) | AJ25: =IF(OR(ISERR(AJ24/AJ23-1),AJ24=""),"",IF($B74=parametros!$I$3,AJ23/AJ24-1,AJ24/AJ23-1)) | AK25: =IF(OR(ISERR(AK24/AK23-1),AK24=""),"",IF($B74=parametros!$I$3,AK23/AK24-1,AK24/AK23-1)) | AL25: =IF(OR(ISERR(AL24/AL23-1),AL24=""),"",IF($B74=parametros!$I$3,AL23/AL24-1,AL24/AL23-1)) | AM25: =IF(OR(ISERR(AM24/AM23-1),AM24=""),"",IF($B74=parametros!$I$3,AM23/AM24-1,AM24/AM23-1)) | AN25: =IF(OR(ISERR(AN24/AN23-1),AN24=""),"",IF($B74=parametros!$I$3,AN23/AN24-1,AN24/AN23-1)) | AO25: =IF(OR(ISERR(AO24/AO23-1),AO24=""),"",IF($B74=parametros!$I$3,AO23/AO24-1,AO24/AO23-1)) | AP25: =IF(OR(ISERR(AP24/AP23-1),AP24=""),"",IF($B74=parametros!$I$3,AP23/AP24-1,AP24/AP23-1)) | ... AV25: =IF(OR(ISERR(AV24/AV23-1),AV24=""),"",IF($B74=parametros!$I$3,AV23/AV24-1,AV24/AV23-1)) | AX25: =IF(OR(ISERR(AX24/AX23-1),AX24=""),"",IF($B74=parametros!$I$3,AX23/AX24-1,AX24/AX23-1)) | AY25: =IF(OR(ISERR(AY24/AY23-1),AY24=""),"",IF($B74=parametros!$I$3,AY23/AY24-1,AY24/AY23-1)) | AZ25: =IF(OR(ISERR(AZ24/AZ23-1),AZ24=""),"",IF($B74=parametros!$I$3,AZ23/AZ24-1,AZ24/AZ23-1)) | BA25: =IF(OR(ISERR(BA24/BA23-1),BA24=""),"",IF($B74=parametros!$I$3,BA23/BA24-1,BA24/BA23-1)) | BB25: =IF(OR(ISERR(BB24/BB23-1),BB24=""),"",IF($B74=parametros!$I$3,BB23/BB24-1,BB24/BB23-1)) | BC25: =IF(OR(ISERR(BC24/BC23-1),BC24=""),"",IF($B74=parametros!$I$3,BC23/BC24-1,BC24/BC23-1)) | BD25: =IF(OR(ISERR(BD24/BD23-1),BD24=""),"",IF($B74=parametros!$I$3,BD23/BD24-1,BD24/BD23-1)) | BE25: =IF(OR(ISERR(BE24/BE23-1),BE24=""),"",IF($B74=parametros!$I$3,BE23/BE24-1,BE24/BE23-1)) | ... BK25: =IF(OR(ISERR(BK24/BK23-1),BK24=""),"",IF($B74=parametros!$I$3,BK23/BK24-1,BK24/BK23-1)) | BM25: =IF(OR(ISERR(BM24/BM23-1),BM24=""),"",IF($B74=parametros!$I$3,BM23/BM24-1,BM24/BM23-1)) | BN25: =IF(OR(ISERR(BN24/BN23-1),BN24=""),"",IF($B74=parametros!$I$3,BN23/BN24-1,BN24/BN23-1)) | BO25: =IF(OR(ISERR(BO24/BO23-1),BO24=""),"",IF($B74=parametros!$I$3,BO23/BO24-1,BO24/BO23-1)) | BP25: =IF(OR(ISERR(BP24/BP23-1),BP24=""),"",IF($B74=parametros!$I$3,BP23/BP24-1,BP24/BP23-1)) | BQ25: =IF(OR(ISERR(BQ24/BQ23-1),BQ24=""),"",IF($B74=parametros!$I$3,BQ23/BQ24-1,BQ24/BQ23-1)) | BR25: =IF(OR(ISERR(BR24/BR23-1),BR24=""),"",IF($B74=parametros!$I$3,BR23/BR24-1,BR24/BR23-1)) | BS25: =IF(OR(ISERR(BS24/BS23-1),BS24=""),"",IF($B74=parametros!$I$3,BS23/BS24-1,BS24/BS23-1)) | BT25: =IF(OR(ISERR(BT24/BT23-1),BT24=""),"",IF($B74=parametros!$I$3,BT23/BT24-1,BT24/BT23-1)) | ... BZ25: =IF(OR(ISERR(BZ24/BZ23-1),BZ24=""),"",IF($B74=parametros!$I$3,BZ23/BZ24-1,BZ24/BZ23-1))
B27: =5 -> 5 | C27: Meta 5 | D27: Número | E27: Jan | F27: Fev | G27: Mar | H27: Abr | I27: Mai | J27: Jun | K27: Jul | L27: Ago | M27: Set | N27: Out | O27: Nov | P27: Dez | Q27: Parcial | R27: Total | T27: Jan | U27: Fev | V27: Mar | W27: Abr | X27: Mai | Y27: Jun | Z27: Jul | AA27: Ago | AB27: Set | AC27: Out | AD27: Nov | AE27: Dez | AF27: Parcial | AG27: Total | AI27: Jan | AJ27: Fev | AK27: Mar | AL27: Abr | AM27: Mai | AN27: Jun | AO27: Jul | AP27: Ago | AQ27: Set | AR27: Out | AS27: Nov | AT27: Dez | AU27: Parcial | AV27: Total | AX27: Jan | AY27: Fev | AZ27: Mar | BA27: Abr | BB27: Mai | BC27: Jun | BD27: Jul | BE27: Ago | BF27: Set | BG27: Out | BH27: Nov | BI27: Dez | BJ27: Parcial | BK27: Total | BM27: Jan | BN27: Fev | BO27: Mar | BP27: Abr | BQ27: Mai | BR27: Jun | BS27: Jul | BT27: Ago | BU27: Set | BV27: Out | BW27: Nov | BX27: Dez | BY27: Parcial | BZ27: Total
A28: =_xlfn.CONCAT(D28,B27) -> Planejado5 | C28: =C63 -> : | D28: Planejado | Q28: =SUMIF(E94:P94,"=1",E28:P28) -> 0 | R28: =SUM(E28:P28) -> 0 | AF28: =SUMIF(T94:AE94,"=1",T28:AE28) -> 0 | AG28: =SUM(T28:AE28) -> 0 | AU28: =SUMIF(AI94:AT94,"=1",AI28:AT28) -> 0 | AV28: =SUM(AI28:AT28) -> 0 | BJ28: =SUMIF(AX94:BI94,"=1",AX28:BI28) -> 0 | BK28: =SUM(AX28:BI28) -> 0 | BY28: =SUMIF(BM94:BX94,"=1",BM28:BX28) -> 0 | BZ28: =SUM(BM28:BX28) -> 0
A29: =_xlfn.CONCAT(D29,B27) -> Realizado5 | D29: Realizado | Q29: =SUMIF(E94:P94,"=1",E29:P29) -> 0 | R29: =SUM(E29:P29) -> 0 | AF29: =SUMIF(T94:AE94,"=1",T29:AE29) -> 0 | AG29: =SUM(T29:AE29) -> 0 | AU29: =SUMIF(AI94:AT94,"=1",AI29:AT29) -> 0 | AV29: =SUM(AI29:AT29) -> 0 | BJ29: =SUMIF(AX94:BI94,"=1",AX29:BI29) -> 0 | BK29: =SUM(AX29:BI29) -> 0 | BY29: =SUMIF(BM94:BX94,"=1",BM29:BX29) -> 0 | BZ29: =SUM(BM29:BX29) -> 0
D30: Percentual | E30: =IF(OR(ISERR(E29/E28-1),E29=""),"",IF($B79=parametros!$I$3,E28/E29-1,E29/E28-1)) | F30: =IF(OR(ISERR(F29/F28-1),F29=""),"",IF($B79=parametros!$I$3,F28/F29-1,F29/F28-1)) | G30: =IF(OR(ISERR(G29/G28-1),G29=""),"",IF($B79=parametros!$I$3,G28/G29-1,G29/G28-1)) | H30: =IF(OR(ISERR(H29/H28-1),H29=""),"",IF($B79=parametros!$I$3,H28/H29-1,H29/H28-1)) | I30: =IF(OR(ISERR(I29/I28-1),I29=""),"",IF($B79=parametros!$I$3,I28/I29-1,I29/I28-1)) | J30: =IF(OR(ISERR(J29/J28-1),J29=""),"",IF($B79=parametros!$I$3,J28/J29-1,J29/J28-1)) | K30: =IF(OR(ISERR(K29/K28-1),K29=""),"",IF($B79=parametros!$I$3,K28/K29-1,K29/K28-1)) | L30: =IF(OR(ISERR(L29/L28-1),L29=""),"",IF($B79=parametros!$I$3,L28/L29-1,L29/L28-1)) | ... R30: =IF(OR(ISERR(R29/R28-1),R29=""),"",IF($B79=parametros!$I$3,R28/R29-1,R29/R28-1)) | T30: =IF(OR(ISERR(T29/T28-1),T29=""),"",IF($B79=parametros!$I$3,T28/T29-1,T29/T28-1)) | U30: =IF(OR(ISERR(U29/U28-1),U29=""),"",IF($B79=parametros!$I$3,U28/U29-1,U29/U28-1)) | V30: =IF(OR(ISERR(V29/V28-1),V29=""),"",IF($B79=parametros!$I$3,V28/V29-1,V29/V28-1)) | W30: =IF(OR(ISERR(W29/W28-1),W29=""),"",IF($B79=parametros!$I$3,W28/W29-1,W29/W28-1)) | X30: =IF(OR(ISERR(X29/X28-1),X29=""),"",IF($B79=parametros!$I$3,X28/X29-1,X29/X28-1)) | Y30: =IF(OR(ISERR(Y29/Y28-1),Y29=""),"",IF($B79=parametros!$I$3,Y28/Y29-1,Y29/Y28-1)) | Z30: =IF(OR(ISERR(Z29/Z28-1),Z29=""),"",IF($B79=parametros!$I$3,Z28/Z29-1,Z29/Z28-1)) | AA30: =IF(OR(ISERR(AA29/AA28-1),AA29=""),"",IF($B79=parametros!$I$3,AA28/AA29-1,AA29/AA28-1)) | ... AG30: =IF(OR(ISERR(AG29/AG28-1),AG29=""),"",IF($B79=parametros!$I$3,AG28/AG29-1,AG29/AG28-1)) | AI30: =IF(OR(ISERR(AI29/AI28-1),AI29=""),"",IF($B79=parametros!$I$3,AI28/AI29-1,AI29/AI28-1)) | AJ30: =IF(OR(ISERR(AJ29/AJ28-1),AJ29=""),"",IF($B79=parametros!$I$3,AJ28/AJ29-1,AJ29/AJ28-1)) | AK30: =IF(OR(ISERR(AK29/AK28-1),AK29=""),"",IF($B79=parametros!$I$3,AK28/AK29-1,AK29/AK28-1)) | AL30: =IF(OR(ISERR(AL29/AL28-1),AL29=""),"",IF($B79=parametros!$I$3,AL28/AL29-1,AL29/AL28-1)) | AM30: =IF(OR(ISERR(AM29/AM28-1),AM29=""),"",IF($B79=parametros!$I$3,AM28/AM29-1,AM29/AM28-1)) | AN30: =IF(OR(ISERR(AN29/AN28-1),AN29=""),"",IF($B79=parametros!$I$3,AN28/AN29-1,AN29/AN28-1)) | AO30: =IF(OR(ISERR(AO29/AO28-1),AO29=""),"",IF($B79=parametros!$I$3,AO28/AO29-1,AO29/AO28-1)) | AP30: =IF(OR(ISERR(AP29/AP28-1),AP29=""),"",IF($B79=parametros!$I$3,AP28/AP29-1,AP29/AP28-1)) | ... AV30: =IF(OR(ISERR(AV29/AV28-1),AV29=""),"",IF($B79=parametros!$I$3,AV28/AV29-1,AV29/AV28-1)) | AX30: =IF(OR(ISERR(AX29/AX28-1),AX29=""),"",IF($B79=parametros!$I$3,AX28/AX29-1,AX29/AX28-1)) | AY30: =IF(OR(ISERR(AY29/AY28-1),AY29=""),"",IF($B79=parametros!$I$3,AY28/AY29-1,AY29/AY28-1)) | AZ30: =IF(OR(ISERR(AZ29/AZ28-1),AZ29=""),"",IF($B79=parametros!$I$3,AZ28/AZ29-1,AZ29/AZ28-1)) | BA30: =IF(OR(ISERR(BA29/BA28-1),BA29=""),"",IF($B79=parametros!$I$3,BA28/BA29-1,BA29/BA28-1)) | BB30: =IF(OR(ISERR(BB29/BB28-1),BB29=""),"",IF($B79=parametros!$I$3,BB28/BB29-1,BB29/BB28-1)) | BC30: =IF(OR(ISERR(BC29/BC28-1),BC29=""),"",IF($B79=parametros!$I$3,BC28/BC29-1,BC29/BC28-1)) | BD30: =IF(OR(ISERR(BD29/BD28-1),BD29=""),"",IF($B79=parametros!$I$3,BD28/BD29-1,BD29/BD28-1)) | BE30: =IF(OR(ISERR(BE29/BE28-1),BE29=""),"",IF($B79=parametros!$I$3,BE28/BE29-1,BE29/BE28-1)) | ... BK30: =IF(OR(ISERR(BK29/BK28-1),BK29=""),"",IF($B79=parametros!$I$3,BK28/BK29-1,BK29/BK28-1)) | BM30: =IF(OR(ISERR(BM29/BM28-1),BM29=""),"",IF($B79=parametros!$I$3,BM28/BM29-1,BM29/BM28-1)) | BN30: =IF(OR(ISERR(BN29/BN28-1),BN29=""),"",IF($B79=parametros!$I$3,BN28/BN29-1,BN29/BN28-1)) | BO30: =IF(OR(ISERR(BO29/BO28-1),BO29=""),"",IF($B79=parametros!$I$3,BO28/BO29-1,BO29/BO28-1)) | BP30: =IF(OR(ISERR(BP29/BP28-1),BP29=""),"",IF($B79=parametros!$I$3,BP28/BP29-1,BP29/BP28-1)) | BQ30: =IF(OR(ISERR(BQ29/BQ28-1),BQ29=""),"",IF($B79=parametros!$I$3,BQ28/BQ29-1,BQ29/BQ28-1)) | BR30: =IF(OR(ISERR(BR29/BR28-1),BR29=""),"",IF($B79=parametros!$I$3,BR28/BR29-1,BR29/BR28-1)) | BS30: =IF(OR(ISERR(BS29/BS28-1),BS29=""),"",IF($B79=parametros!$I$3,BS28/BS29-1,BS29/BS28-1)) | BT30: =IF(OR(ISERR(BT29/BT28-1),BT29=""),"",IF($B79=parametros!$I$3,BT28/BT29-1,BT29/BT28-1)) | ... BZ30: =IF(OR(ISERR(BZ29/BZ28-1),BZ29=""),"",IF($B79=parametros!$I$3,BZ28/BZ29-1,BZ29/BZ28-1))
B32: =6 -> 6 | C32: Meta 6 | D32: Número | E32: Jan | F32: Fev | G32: Mar | H32: Abr | I32: Mai | J32: Jun | K32: Jul | L32: Ago | M32: Set | N32: Out | O32: Nov | P32: Dez | Q32: Parcial | R32: Total | T32: Jan | U32: Fev | V32: Mar | W32: Abr | X32: Mai | Y32: Jun | Z32: Jul | AA32: Ago | AB32: Set | AC32: Out | AD32: Nov | AE32: Dez | AF32: Parcial | AG32: Total | AI32: Jan | AJ32: Fev | AK32: Mar | AL32: Abr | AM32: Mai | AN32: Jun | AO32: Jul | AP32: Ago | AQ32: Set | AR32: Out | AS32: Nov | AT32: Dez | AU32: Parcial | AV32: Total | AX32: Jan | AY32: Fev | AZ32: Mar | BA32: Abr | BB32: Mai | BC32: Jun | BD32: Jul | BE32: Ago | BF32: Set | BG32: Out | BH32: Nov | BI32: Dez | BJ32: Parcial | BK32: Total | BM32: Jan | BN32: Fev | BO32: Mar | BP32: Abr | BQ32: Mai | BR32: Jun | BS32: Jul | BT32: Ago | BU32: Set | BV32: Out | BW32: Nov | BX32: Dez | BY32: Parcial | BZ32: Total
A33: =_xlfn.CONCAT(D33,B32) -> Planejado6 | C33: =C64 -> : | D33: Planejado | Q33: =SUMIF(E96:P96,"=1",E33:P33) -> 0 | R33: =SUM(E33:P33) -> 0 | AF33: =SUMIF(T96:AE96,"=1",T33:AE33) -> 0 | AG33: =SUM(T33:AE33) -> 0 | AU33: =SUMIF(AI96:AT96,"=1",AI33:AT33) -> 0 | AV33: =SUM(AI33:AT33) -> 0 | BJ33: =SUMIF(AX96:BI96,"=1",AX33:BI33) -> 0 | BK33: =SUM(AX33:BI33) -> 0 | BY33: =SUMIF(BM96:BX96,"=1",BM33:BX33) -> 0 | BZ33: =SUM(BM33:BX33) -> 0
A34: =_xlfn.CONCAT(D34,B32) -> Realizado6 | D34: Realizado | Q34: =SUMIF(E96:P96,"=1",E34:P34) -> 0 | R34: =SUM(E34:P34) -> 0 | AF34: =SUMIF(T96:AE96,"=1",T34:AE34) -> 0 | AG34: =SUM(T34:AE34) -> 0 | AU34: =SUMIF(AI96:AT96,"=1",AI34:AT34) -> 0 | AV34: =SUM(AI34:AT34) -> 0 | BJ34: =SUMIF(AX96:BI96,"=1",AX34:BI34) -> 0 | BK34: =SUM(AX34:BI34) -> 0 | BY34: =SUMIF(BM96:BX96,"=1",BM34:BX34) -> 0 | BZ34: =SUM(BM34:BX34) -> 0
D35: Percentual | E35: =IF(OR(ISERR(E34/E33-1),E34=""),"",IF($B84=parametros!$I$3,E33/E34-1,E34/E33-1)) | F35: =IF(OR(ISERR(F34/F33-1),F34=""),"",IF($B84=parametros!$I$3,F33/F34-1,F34/F33-1)) | G35: =IF(OR(ISERR(G34/G33-1),G34=""),"",IF($B84=parametros!$I$3,G33/G34-1,G34/G33-1)) | H35: =IF(OR(ISERR(H34/H33-1),H34=""),"",IF($B84=parametros!$I$3,H33/H34-1,H34/H33-1)) | I35: =IF(OR(ISERR(I34/I33-1),I34=""),"",IF($B84=parametros!$I$3,I33/I34-1,I34/I33-1)) | J35: =IF(OR(ISERR(J34/J33-1),J34=""),"",IF($B84=parametros!$I$3,J33/J34-1,J34/J33-1)) | K35: =IF(OR(ISERR(K34/K33-1),K34=""),"",IF($B84=parametros!$I$3,K33/K34-1,K34/K33-1)) | L35: =IF(OR(ISERR(L34/L33-1),L34=""),"",IF($B84=parametros!$I$3,L33/L34-1,L34/L33-1)) | ... P35: =IF(OR(ISERR(P34/P33-1),P34=""),"",IF($B84=parametros!$I$3,P33/P34-1,P34/P33-1)) | Q35: =IF(OR(ISERR(Q34/Q33-1),Q34=""),"",IF($B85=parametros!$I$3,Q33/Q34-1,Q34/Q33-1)) | R35: =IF(OR(ISERR(R34/R33-1),R34=""),"",IF($B85=parametros!$I$3,R33/R34-1,R34/R33-1)) | T35: =IF(OR(ISERR(T34/T33-1),T34=""),"",IF($B85=parametros!$I$3,T33/T34-1,T34/T33-1)) | U35: =IF(OR(ISERR(U34/U33-1),U34=""),"",IF($B85=parametros!$I$3,U33/U34-1,U34/U33-1)) | V35: =IF(OR(ISERR(V34/V33-1),V34=""),"",IF($B85=parametros!$I$3,V33/V34-1,V34/V33-1)) | W35: =IF(OR(ISERR(W34/W33-1),W34=""),"",IF($B85=parametros!$I$3,W33/W34-1,W34/W33-1)) | X35: =IF(OR(ISERR(X34/X33-1),X34=""),"",IF($B85=parametros!$I$3,X33/X34-1,X34/X33-1)) | Y35: =IF(OR(ISERR(Y34/Y33-1),Y34=""),"",IF($B85=parametros!$I$3,Y33/Y34-1,Y34/Y33-1)) | Z35: =IF(OR(ISERR(Z34/Z33-1),Z34=""),"",IF($B85=parametros!$I$3,Z33/Z34-1,Z34/Z33-1)) | AA35: =IF(OR(ISERR(AA34/AA33-1),AA34=""),"",IF($B85=parametros!$I$3,AA33/AA34-1,AA34/AA33-1)) | ... AG35: =IF(OR(ISERR(AG34/AG33-1),AG34=""),"",IF($B85=parametros!$I$3,AG33/AG34-1,AG34/AG33-1)) | AI35: =IF(OR(ISERR(AI34/AI33-1),AI34=""),"",IF($B85=parametros!$I$3,AI33/AI34-1,AI34/AI33-1)) | AJ35: =IF(OR(ISERR(AJ34/AJ33-1),AJ34=""),"",IF($B85=parametros!$I$3,AJ33/AJ34-1,AJ34/AJ33-1)) | AK35: =IF(OR(ISERR(AK34/AK33-1),AK34=""),"",IF($B85=parametros!$I$3,AK33/AK34-1,AK34/AK33-1)) | AL35: =IF(OR(ISERR(AL34/AL33-1),AL34=""),"",IF($B85=parametros!$I$3,AL33/AL34-1,AL34/AL33-1)) | AM35: =IF(OR(ISERR(AM34/AM33-1),AM34=""),"",IF($B85=parametros!$I$3,AM33/AM34-1,AM34/AM33-1)) | AN35: =IF(OR(ISERR(AN34/AN33-1),AN34=""),"",IF($B85=parametros!$I$3,AN33/AN34-1,AN34/AN33-1)) | AO35: =IF(OR(ISERR(AO34/AO33-1),AO34=""),"",IF($B85=parametros!$I$3,AO33/AO34-1,AO34/AO33-1)) | AP35: =IF(OR(ISERR(AP34/AP33-1),AP34=""),"",IF($B85=parametros!$I$3,AP33/AP34-1,AP34/AP33-1)) | ... AV35: =IF(OR(ISERR(AV34/AV33-1),AV34=""),"",IF($B85=parametros!$I$3,AV33/AV34-1,AV34/AV33-1)) | AX35: =IF(OR(ISERR(AX34/AX33-1),AX34=""),"",IF($B85=parametros!$I$3,AX33/AX34-1,AX34/AX33-1)) | AY35: =IF(OR(ISERR(AY34/AY33-1),AY34=""),"",IF($B85=parametros!$I$3,AY33/AY34-1,AY34/AY33-1)) | AZ35: =IF(OR(ISERR(AZ34/AZ33-1),AZ34=""),"",IF($B85=parametros!$I$3,AZ33/AZ34-1,AZ34/AZ33-1)) | BA35: =IF(OR(ISERR(BA34/BA33-1),BA34=""),"",IF($B85=parametros!$I$3,BA33/BA34-1,BA34/BA33-1)) | BB35: =IF(OR(ISERR(BB34/BB33-1),BB34=""),"",IF($B85=parametros!$I$3,BB33/BB34-1,BB34/BB33-1)) | BC35: =IF(OR(ISERR(BC34/BC33-1),BC34=""),"",IF($B85=parametros!$I$3,BC33/BC34-1,BC34/BC33-1)) | BD35: =IF(OR(ISERR(BD34/BD33-1),BD34=""),"",IF($B85=parametros!$I$3,BD33/BD34-1,BD34/BD33-1)) | BE35: =IF(OR(ISERR(BE34/BE33-1),BE34=""),"",IF($B85=parametros!$I$3,BE33/BE34-1,BE34/BE33-1)) | ... BK35: =IF(OR(ISERR(BK34/BK33-1),BK34=""),"",IF($B85=parametros!$I$3,BK33/BK34-1,BK34/BK33-1)) | BM35: =IF(OR(ISERR(BM34/BM33-1),BM34=""),"",IF($B85=parametros!$I$3,BM33/BM34-1,BM34/BM33-1)) | BN35: =IF(OR(ISERR(BN34/BN33-1),BN34=""),"",IF($B85=parametros!$I$3,BN33/BN34-1,BN34/BN33-1)) | BO35: =IF(OR(ISERR(BO34/BO33-1),BO34=""),"",IF($B85=parametros!$I$3,BO33/BO34-1,BO34/BO33-1)) | BP35: =IF(OR(ISERR(BP34/BP33-1),BP34=""),"",IF($B85=parametros!$I$3,BP33/BP34-1,BP34/BP33-1)) | BQ35: =IF(OR(ISERR(BQ34/BQ33-1),BQ34=""),"",IF($B85=parametros!$I$3,BQ33/BQ34-1,BQ34/BQ33-1)) | BR35: =IF(OR(ISERR(BR34/BR33-1),BR34=""),"",IF($B85=parametros!$I$3,BR33/BR34-1,BR34/BR33-1)) | BS35: =IF(OR(ISERR(BS34/BS33-1),BS34=""),"",IF($B85=parametros!$I$3,BS33/BS34-1,BS34/BS33-1)) | BT35: =IF(OR(ISERR(BT34/BT33-1),BT34=""),"",IF($B85=parametros!$I$3,BT33/BT34-1,BT34/BT33-1)) | ... BZ35: =IF(OR(ISERR(BZ34/BZ33-1),BZ34=""),"",IF($B85=parametros!$I$3,BZ33/BZ34-1,BZ34/BZ33-1))
B37: =7 -> 7 | C37: Meta 7 | D37: Número | E37: Jan | F37: Fev | G37: Mar | H37: Abr | I37: Mai | J37: Jun | K37: Jul | L37: Ago | M37: Set | N37: Out | O37: Nov | P37: Dez | Q37: Parcial | R37: Total | T37: Jan | U37: Fev | V37: Mar | W37: Abr | X37: Mai | Y37: Jun | Z37: Jul | AA37: Ago | AB37: Set | AC37: Out | AD37: Nov | AE37: Dez | AF37: Parcial | AG37: Total | AI37: Jan | AJ37: Fev | AK37: Mar | AL37: Abr | AM37: Mai | AN37: Jun | AO37: Jul | AP37: Ago | AQ37: Set | AR37: Out | AS37: Nov | AT37: Dez | AU37: Parcial | AV37: Total | AX37: Jan | AY37: Fev | AZ37: Mar | BA37: Abr | BB37: Mai | BC37: Jun | BD37: Jul | BE37: Ago | BF37: Set | BG37: Out | BH37: Nov | BI37: Dez | BJ37: Parcial | BK37: Total | BM37: Jan | BN37: Fev | BO37: Mar | BP37: Abr | BQ37: Mai | BR37: Jun | BS37: Jul | BT37: Ago | BU37: Set | BV37: Out | BW37: Nov | BX37: Dez | BY37: Parcial | BZ37: Total
A38: =_xlfn.CONCAT(D38,B37) -> Planejado7 | C38: =C65 -> : | D38: Planejado | Q38: =SUMIF(E98:P98,"=1",E38:P38) -> 0 | R38: =SUM(E38:P38) -> 0 | AF38: =SUMIF(T98:AE98,"=1",T38:AE38) -> 0 | AG38: =SUM(T38:AE38) -> 0 | AU38: =SUMIF(AI98:AT98,"=1",AI38:AT38) -> 0 | AV38: =SUM(AI38:AT38) -> 0 | BJ38: =SUMIF(AX98:BI98,"=1",AX38:BI38) -> 0 | BK38: =SUM(AX38:BI38) -> 0 | BY38: =SUMIF(BM98:BX98,"=1",BM38:BX38) -> 0 | BZ38: =SUM(BM38:BX38) -> 0
A39: =_xlfn.CONCAT(D39,B37) -> Realizado7 | D39: Realizado | Q39: =SUMIF(E98:P98,"=1",E39:P39) -> 0 | R39: =SUM(E39:P39) -> 0 | AF39: =SUMIF(T98:AE98,"=1",T39:AE39) -> 0 | AG39: =SUM(T39:AE39) -> 0 | AU39: =SUMIF(AI98:AT98,"=1",AI39:AT39) -> 0 | AV39: =SUM(AI39:AT39) -> 0 | BJ39: =SUMIF(AX98:BI98,"=1",AX39:BI39) -> 0 | BK39: =SUM(AX39:BI39) -> 0 | BY39: =SUMIF(BM98:BX98,"=1",BM39:BX39) -> 0 | BZ39: =SUM(BM39:BX39) -> 0
D40: Percentual | E40: =IF(OR(ISERR(E39/E38-1),E39=""),"",IF($B89=parametros!$I$3,E38/E39-1,E39/E38-1)) | F40: =IF(OR(ISERR(F39/F38-1),F39=""),"",IF($B89=parametros!$I$3,F38/F39-1,F39/F38-1)) | G40: =IF(OR(ISERR(G39/G38-1),G39=""),"",IF($B89=parametros!$I$3,G38/G39-1,G39/G38-1)) | H40: =IF(OR(ISERR(H39/H38-1),H39=""),"",IF($B89=parametros!$I$3,H38/H39-1,H39/H38-1)) | I40: =IF(OR(ISERR(I39/I38-1),I39=""),"",IF($B89=parametros!$I$3,I38/I39-1,I39/I38-1)) | J40: =IF(OR(ISERR(J39/J38-1),J39=""),"",IF($B89=parametros!$I$3,J38/J39-1,J39/J38-1)) | K40: =IF(OR(ISERR(K39/K38-1),K39=""),"",IF($B89=parametros!$I$3,K38/K39-1,K39/K38-1)) | L40: =IF(OR(ISERR(L39/L38-1),L39=""),"",IF($B89=parametros!$I$3,L38/L39-1,L39/L38-1)) | ... P40: =IF(OR(ISERR(P39/P38-1),P39=""),"",IF($B89=parametros!$I$3,P38/P39-1,P39/P38-1)) | Q40: =IF(OR(ISERR(Q39/Q38-1),Q39=""),"",IF($B90=parametros!$I$3,Q38/Q39-1,Q39/Q38-1)) | R40: =IF(OR(ISERR(R39/R38-1),R39=""),"",IF($B90=parametros!$I$3,R38/R39-1,R39/R38-1)) | T40: =IF(OR(ISERR(T39/T38-1),T39=""),"",IF($B90=parametros!$I$3,T38/T39-1,T39/T38-1)) | U40: =IF(OR(ISERR(U39/U38-1),U39=""),"",IF($B90=parametros!$I$3,U38/U39-1,U39/U38-1)) | V40: =IF(OR(ISERR(V39/V38-1),V39=""),"",IF($B90=parametros!$I$3,V38/V39-1,V39/V38-1)) | W40: =IF(OR(ISERR(W39/W38-1),W39=""),"",IF($B90=parametros!$I$3,W38/W39-1,W39/W38-1)) | X40: =IF(OR(ISERR(X39/X38-1),X39=""),"",IF($B90=parametros!$I$3,X38/X39-1,X39/X38-1)) | Y40: =IF(OR(ISERR(Y39/Y38-1),Y39=""),"",IF($B90=parametros!$I$3,Y38/Y39-1,Y39/Y38-1)) | Z40: =IF(OR(ISERR(Z39/Z38-1),Z39=""),"",IF($B90=parametros!$I$3,Z38/Z39-1,Z39/Z38-1)) | AA40: =IF(OR(ISERR(AA39/AA38-1),AA39=""),"",IF($B90=parametros!$I$3,AA38/AA39-1,AA39/AA38-1)) | ... AG40: =IF(OR(ISERR(AG39/AG38-1),AG39=""),"",IF($B90=parametros!$I$3,AG38/AG39-1,AG39/AG38-1)) | AI40: =IF(OR(ISERR(AI39/AI38-1),AI39=""),"",IF($B90=parametros!$I$3,AI38/AI39-1,AI39/AI38-1)) | AJ40: =IF(OR(ISERR(AJ39/AJ38-1),AJ39=""),"",IF($B90=parametros!$I$3,AJ38/AJ39-1,AJ39/AJ38-1)) | AK40: =IF(OR(ISERR(AK39/AK38-1),AK39=""),"",IF($B90=parametros!$I$3,AK38/AK39-1,AK39/AK38-1)) | AL40: =IF(OR(ISERR(AL39/AL38-1),AL39=""),"",IF($B90=parametros!$I$3,AL38/AL39-1,AL39/AL38-1)) | AM40: =IF(OR(ISERR(AM39/AM38-1),AM39=""),"",IF($B90=parametros!$I$3,AM38/AM39-1,AM39/AM38-1)) | AN40: =IF(OR(ISERR(AN39/AN38-1),AN39=""),"",IF($B90=parametros!$I$3,AN38/AN39-1,AN39/AN38-1)) | AO40: =IF(OR(ISERR(AO39/AO38-1),AO39=""),"",IF($B90=parametros!$I$3,AO38/AO39-1,AO39/AO38-1)) | AP40: =IF(OR(ISERR(AP39/AP38-1),AP39=""),"",IF($B90=parametros!$I$3,AP38/AP39-1,AP39/AP38-1)) | ... AV40: =IF(OR(ISERR(AV39/AV38-1),AV39=""),"",IF($B90=parametros!$I$3,AV38/AV39-1,AV39/AV38-1)) | AX40: =IF(OR(ISERR(AX39/AX38-1),AX39=""),"",IF($B90=parametros!$I$3,AX38/AX39-1,AX39/AX38-1)) | AY40: =IF(OR(ISERR(AY39/AY38-1),AY39=""),"",IF($B90=parametros!$I$3,AY38/AY39-1,AY39/AY38-1)) | AZ40: =IF(OR(ISERR(AZ39/AZ38-1),AZ39=""),"",IF($B90=parametros!$I$3,AZ38/AZ39-1,AZ39/AZ38-1)) | BA40: =IF(OR(ISERR(BA39/BA38-1),BA39=""),"",IF($B90=parametros!$I$3,BA38/BA39-1,BA39/BA38-1)) | BB40: =IF(OR(ISERR(BB39/BB38-1),BB39=""),"",IF($B90=parametros!$I$3,BB38/BB39-1,BB39/BB38-1)) | BC40: =IF(OR(ISERR(BC39/BC38-1),BC39=""),"",IF($B90=parametros!$I$3,BC38/BC39-1,BC39/BC38-1)) | BD40: =IF(OR(ISERR(BD39/BD38-1),BD39=""),"",IF($B90=parametros!$I$3,BD38/BD39-1,BD39/BD38-1)) | BE40: =IF(OR(ISERR(BE39/BE38-1),BE39=""),"",IF($B90=parametros!$I$3,BE38/BE39-1,BE39/BE38-1)) | ... BK40: =IF(OR(ISERR(BK39/BK38-1),BK39=""),"",IF($B90=parametros!$I$3,BK38/BK39-1,BK39/BK38-1)) | BM40: =IF(OR(ISERR(BM39/BM38-1),BM39=""),"",IF($B90=parametros!$I$3,BM38/BM39-1,BM39/BM38-1)) | BN40: =IF(OR(ISERR(BN39/BN38-1),BN39=""),"",IF($B90=parametros!$I$3,BN38/BN39-1,BN39/BN38-1)) | BO40: =IF(OR(ISERR(BO39/BO38-1),BO39=""),"",IF($B90=parametros!$I$3,BO38/BO39-1,BO39/BO38-1)) | BP40: =IF(OR(ISERR(BP39/BP38-1),BP39=""),"",IF($B90=parametros!$I$3,BP38/BP39-1,BP39/BP38-1)) | BQ40: =IF(OR(ISERR(BQ39/BQ38-1),BQ39=""),"",IF($B90=parametros!$I$3,BQ38/BQ39-1,BQ39/BQ38-1)) | BR40: =IF(OR(ISERR(BR39/BR38-1),BR39=""),"",IF($B90=parametros!$I$3,BR38/BR39-1,BR39/BR38-1)) | BS40: =IF(OR(ISERR(BS39/BS38-1),BS39=""),"",IF($B90=parametros!$I$3,BS38/BS39-1,BS39/BS38-1)) | BT40: =IF(OR(ISERR(BT39/BT38-1),BT39=""),"",IF($B90=parametros!$I$3,BT38/BT39-1,BT39/BT38-1)) | ... BZ40: =IF(OR(ISERR(BZ39/BZ38-1),BZ39=""),"",IF($B90=parametros!$I$3,BZ38/BZ39-1,BZ39/BZ38-1))
B42: =8 -> 8 | C42: Meta 8 | D42: Número | E42: Jan | F42: Fev | G42: Mar | H42: Abr | I42: Mai | J42: Jun | K42: Jul | L42: Ago | M42: Set | N42: Out | O42: Nov | P42: Dez | Q42: Parcial | R42: Total | T42: Jan | U42: Fev | V42: Mar | W42: Abr | X42: Mai | Y42: Jun | Z42: Jul | AA42: Ago | AB42: Set | AC42: Out | AD42: Nov | AE42: Dez | AF42: Parcial | AG42: Total | AI42: Jan | AJ42: Fev | AK42: Mar | AL42: Abr | AM42: Mai | AN42: Jun | AO42: Jul | AP42: Ago | AQ42: Set | AR42: Out | AS42: Nov | AT42: Dez | AU42: Parcial | AV42: Total | AX42: Jan | AY42: Fev | AZ42: Mar | BA42: Abr | BB42: Mai | BC42: Jun | BD42: Jul | BE42: Ago | BF42: Set | BG42: Out | BH42: Nov | BI42: Dez | BJ42: Parcial | BK42: Total | BM42: Jan | BN42: Fev | BO42: Mar | BP42: Abr | BQ42: Mai | BR42: Jun | BS42: Jul | BT42: Ago | BU42: Set | BV42: Out | BW42: Nov | BX42: Dez | BY42: Parcial | BZ42: Total
A43: =_xlfn.CONCAT(D43,B42) -> Planejado8 | C43: =C66 -> : | D43: Planejado | Q43: =SUMIF(E100:P100,"=1",E43:P43) -> 0 | R43: =SUM(E43:P43) -> 0 | AF43: =SUMIF(T100:AE100,"=1",T43:AE43) -> 0 | AG43: =SUM(T43:AE43) -> 0 | AU43: =SUMIF(AI100:AT100,"=1",AI43:AT43) -> 0 | AV43: =SUM(AI43:AT43) -> 0 | BJ43: =SUMIF(AX100:BI100,"=1",AX43:BI43) -> 0 | BK43: =SUM(AX43:BI43) -> 0 | BY43: =SUMIF(BM100:BX100,"=1",BM43:BX43) -> 0 | BZ43: =SUM(BM43:BX43) -> 0
A44: =_xlfn.CONCAT(D44,B42) -> Realizado8 | D44: Realizado | Q44: =SUMIF(E100:P100,"=1",E44:P44) -> 0 | R44: =SUM(E44:P44) -> 0 | AF44: =SUMIF(T100:AE100,"=1",T44:AE44) -> 0 | AG44: =SUM(T44:AE44) -> 0 | AU44: =SUMIF(AI100:AT100,"=1",AI44:AT44) -> 0 | AV44: =SUM(AI44:AT44) -> 0 | BJ44: =SUMIF(AX100:BI100,"=1",AX44:BI44) -> 0 | BK44: =SUM(AX44:BI44) -> 0 | BY44: =SUMIF(BM100:BX100,"=1",BM44:BX44) -> 0 | BZ44: =SUM(BM44:BX44) -> 0
D45: Percentual | E45: =IF(OR(ISERR(E44/E43-1),E44=""),"",IF($B94=parametros!$I$3,E43/E44-1,E44/E43-1)) | F45: =IF(OR(ISERR(F44/F43-1),F44=""),"",IF($B94=parametros!$I$3,F43/F44-1,F44/F43-1)) | G45: =IF(OR(ISERR(G44/G43-1),G44=""),"",IF($B94=parametros!$I$3,G43/G44-1,G44/G43-1)) | H45: =IF(OR(ISERR(H44/H43-1),H44=""),"",IF($B94=parametros!$I$3,H43/H44-1,H44/H43-1)) | I45: =IF(OR(ISERR(I44/I43-1),I44=""),"",IF($B94=parametros!$I$3,I43/I44-1,I44/I43-1)) | J45: =IF(OR(ISERR(J44/J43-1),J44=""),"",IF($B94=parametros!$I$3,J43/J44-1,J44/J43-1)) | K45: =IF(OR(ISERR(K44/K43-1),K44=""),"",IF($B94=parametros!$I$3,K43/K44-1,K44/K43-1)) | L45: =IF(OR(ISERR(L44/L43-1),L44=""),"",IF($B94=parametros!$I$3,L43/L44-1,L44/L43-1)) | ... P45: =IF(OR(ISERR(P44/P43-1),P44=""),"",IF($B94=parametros!$I$3,P43/P44-1,P44/P43-1)) | Q45: =IF(OR(ISERR(Q44/Q43-1),Q44=""),"",IF($B95=parametros!$I$3,Q43/Q44-1,Q44/Q43-1)) | R45: =IF(OR(ISERR(R44/R43-1),R44=""),"",IF($B95=parametros!$I$3,R43/R44-1,R44/R43-1)) | T45: =IF(OR(ISERR(T44/T43-1),T44=""),"",IF($B95=parametros!$I$3,T43/T44-1,T44/T43-1)) | U45: =IF(OR(ISERR(U44/U43-1),U44=""),"",IF($B95=parametros!$I$3,U43/U44-1,U44/U43-1)) | V45: =IF(OR(ISERR(V44/V43-1),V44=""),"",IF($B95=parametros!$I$3,V43/V44-1,V44/V43-1)) | W45: =IF(OR(ISERR(W44/W43-1),W44=""),"",IF($B95=parametros!$I$3,W43/W44-1,W44/W43-1)) | X45: =IF(OR(ISERR(X44/X43-1),X44=""),"",IF($B95=parametros!$I$3,X43/X44-1,X44/X43-1)) | Y45: =IF(OR(ISERR(Y44/Y43-1),Y44=""),"",IF($B95=parametros!$I$3,Y43/Y44-1,Y44/Y43-1)) | Z45: =IF(OR(ISERR(Z44/Z43-1),Z44=""),"",IF($B95=parametros!$I$3,Z43/Z44-1,Z44/Z43-1)) | AA45: =IF(OR(ISERR(AA44/AA43-1),AA44=""),"",IF($B95=parametros!$I$3,AA43/AA44-1,AA44/AA43-1)) | ... AG45: =IF(OR(ISERR(AG44/AG43-1),AG44=""),"",IF($B95=parametros!$I$3,AG43/AG44-1,AG44/AG43-1)) | AI45: =IF(OR(ISERR(AI44/AI43-1),AI44=""),"",IF($B95=parametros!$I$3,AI43/AI44-1,AI44/AI43-1)) | AJ45: =IF(OR(ISERR(AJ44/AJ43-1),AJ44=""),"",IF($B95=parametros!$I$3,AJ43/AJ44-1,AJ44/AJ43-1)) | AK45: =IF(OR(ISERR(AK44/AK43-1),AK44=""),"",IF($B95=parametros!$I$3,AK43/AK44-1,AK44/AK43-1)) | AL45: =IF(OR(ISERR(AL44/AL43-1),AL44=""),"",IF($B95=parametros!$I$3,AL43/AL44-1,AL44/AL43-1)) | AM45: =IF(OR(ISERR(AM44/AM43-1),AM44=""),"",IF($B95=parametros!$I$3,AM43/AM44-1,AM44/AM43-1)) | AN45: =IF(OR(ISERR(AN44/AN43-1),AN44=""),"",IF($B95=parametros!$I$3,AN43/AN44-1,AN44/AN43-1)) | AO45: =IF(OR(ISERR(AO44/AO43-1),AO44=""),"",IF($B95=parametros!$I$3,AO43/AO44-1,AO44/AO43-1)) | AP45: =IF(OR(ISERR(AP44/AP43-1),AP44=""),"",IF($B95=parametros!$I$3,AP43/AP44-1,AP44/AP43-1)) | ... AV45: =IF(OR(ISERR(AV44/AV43-1),AV44=""),"",IF($B95=parametros!$I$3,AV43/AV44-1,AV44/AV43-1)) | AX45: =IF(OR(ISERR(AX44/AX43-1),AX44=""),"",IF($B95=parametros!$I$3,AX43/AX44-1,AX44/AX43-1)) | AY45: =IF(OR(ISERR(AY44/AY43-1),AY44=""),"",IF($B95=parametros!$I$3,AY43/AY44-1,AY44/AY43-1)) | AZ45: =IF(OR(ISERR(AZ44/AZ43-1),AZ44=""),"",IF($B95=parametros!$I$3,AZ43/AZ44-1,AZ44/AZ43-1)) | BA45: =IF(OR(ISERR(BA44/BA43-1),BA44=""),"",IF($B95=parametros!$I$3,BA43/BA44-1,BA44/BA43-1)) | BB45: =IF(OR(ISERR(BB44/BB43-1),BB44=""),"",IF($B95=parametros!$I$3,BB43/BB44-1,BB44/BB43-1)) | BC45: =IF(OR(ISERR(BC44/BC43-1),BC44=""),"",IF($B95=parametros!$I$3,BC43/BC44-1,BC44/BC43-1)) | BD45: =IF(OR(ISERR(BD44/BD43-1),BD44=""),"",IF($B95=parametros!$I$3,BD43/BD44-1,BD44/BD43-1)) | BE45: =IF(OR(ISERR(BE44/BE43-1),BE44=""),"",IF($B95=parametros!$I$3,BE43/BE44-1,BE44/BE43-1)) | ... BK45: =IF(OR(ISERR(BK44/BK43-1),BK44=""),"",IF($B95=parametros!$I$3,BK43/BK44-1,BK44/BK43-1)) | BM45: =IF(OR(ISERR(BM44/BM43-1),BM44=""),"",IF($B95=parametros!$I$3,BM43/BM44-1,BM44/BM43-1)) | BN45: =IF(OR(ISERR(BN44/BN43-1),BN44=""),"",IF($B95=parametros!$I$3,BN43/BN44-1,BN44/BN43-1)) | BO45: =IF(OR(ISERR(BO44/BO43-1),BO44=""),"",IF($B95=parametros!$I$3,BO43/BO44-1,BO44/BO43-1)) | BP45: =IF(OR(ISERR(BP44/BP43-1),BP44=""),"",IF($B95=parametros!$I$3,BP43/BP44-1,BP44/BP43-1)) | BQ45: =IF(OR(ISERR(BQ44/BQ43-1),BQ44=""),"",IF($B95=parametros!$I$3,BQ43/BQ44-1,BQ44/BQ43-1)) | BR45: =IF(OR(ISERR(BR44/BR43-1),BR44=""),"",IF($B95=parametros!$I$3,BR43/BR44-1,BR44/BR43-1)) | BS45: =IF(OR(ISERR(BS44/BS43-1),BS44=""),"",IF($B95=parametros!$I$3,BS43/BS44-1,BS44/BS43-1)) | BT45: =IF(OR(ISERR(BT44/BT43-1),BT44=""),"",IF($B95=parametros!$I$3,BT43/BT44-1,BT44/BT43-1)) | ... BZ45: =IF(OR(ISERR(BZ44/BZ43-1),BZ44=""),"",IF($B95=parametros!$I$3,BZ43/BZ44-1,BZ44/BZ43-1))
A59: =me!G6 -> Aumentar | B59: =me!H6 -> Base de clientes recorentes | C59: =_xlfn.CONCAT(me!G6,": ",me!H6) -> Aumentar: Base de clientes recorentes | D59: =R8 -> 0 | E59: =R9 -> 0
A60: =me!G7 -> Aumentar | B60: =me!H7 -> Taxa de recompra (Fidelidade) | C60: =_xlfn.CONCAT(me!G7,": ",me!H7) -> Aumentar: Taxa de recompra (Fidelidade) | D60: =R13 -> 0 | E60: =R14 -> 0
A61: =me!G8 -> Aumentar | B61: =me!H8 -> Agendamentos pelo instagram e whatsapp | C61: =_xlfn.CONCAT(me!G8,": ",me!H8) -> Aumentar: Agendamentos pelo instagram e whatsapp | D61: =R18 -> 0 | E61: =R19 -> 0
A62: =me!G9 -> Aumentar | B62: =me!H9 -> Alavancar Engajamento médio | C62: =_xlfn.CONCAT(me!G9,": ",me!H9) -> Aumentar: Alavancar Engajamento médio | D62: =R23 -> 0 | E62: =R24 -> 0
A63: =me!G10 -> 0 | B63: =me!H10 -> 0 | C63: =_xlfn.CONCAT(me!G10,": ",me!H10) -> : | D63: =R28 -> 0 | E63: =R29 -> 0
A64: =me!G11 -> 0 | B64: =me!H11 -> 0 | C64: =_xlfn.CONCAT(me!G11,": ",me!H11) -> : | D64: =R33 -> 0 | E64: =R34 -> 0
A65: =me!G12 -> 0 | B65: =me!H12 -> 0 | C65: =_xlfn.CONCAT(me!G12,": ",me!H12) -> : | D65: =R38 -> 0 | E65: =R39 -> 0
A66: =me!G13 -> 0 | B66: =me!H13 -> 0 | C66: =_xlfn.CONCAT(me!G13,": ",me!H13) -> : | D66: =R43 -> 0 | E66: =R44 -> 0
D67: =D6 -> Ano 1 | F67: =T6 -> Ano 2 | H67: =AI6 -> Ano 3 | J67: =AX6 -> Ano 4 | L67: =BM6 -> Ano 5 | N67: Média
D68: Parcial1 | E68: Total1 | F68: Parcial2 | G68: Total2 | H68: Parcial3 | I68: Total3 | J68: Parcial4 | K68: Total4 | L68: Parcial5 | M68: Total5 | N68: Parcial | O68: Total | P68: Variação
C69: Planejado1 | D69: =INDEX($E$6:$BZ$45,MATCH($C69,$A$6:$A$45,0),MATCH(D$68,$E$5:$BZ$5,0)) -> 0 | E69: =INDEX($E$6:$BZ$45,MATCH($C69,$A$6:$A$45,0),MATCH(E$68,$E$5:$BZ$5,0)) -> 0 | F69: =INDEX($E$6:$BZ$45,MATCH($C69,$A$6:$A$45,0),MATCH(F$68,$E$5:$BZ$5,0)) -> 0 | G69: =INDEX($E$6:$BZ$45,MATCH($C69,$A$6:$A$45,0),MATCH(G$68,$E$5:$BZ$5,0)) -> 0 | H69: =INDEX($E$6:$BZ$45,MATCH($C69,$A$6:$A$45,0),MATCH(H$68,$E$5:$BZ$5,0)) -> 0 | I69: =INDEX($E$6:$BZ$45,MATCH($C69,$A$6:$A$45,0),MATCH(I$68,$E$5:$BZ$5,0)) -> 0 | J69: =INDEX($E$6:$BZ$45,MATCH($C69,$A$6:$A$45,0),MATCH(J$68,$E$5:$BZ$5,0)) -> 0 | K69: =INDEX($E$6:$BZ$45,MATCH($C69,$A$6:$A$45,0),MATCH(K$68,$E$5:$BZ$5,0)) -> 0 | ... M69: =INDEX($E$6:$BZ$45,MATCH($C69,$A$6:$A$45,0),MATCH(M$68,$E$5:$BZ$5,0)) -> 0 | N69: =AVERAGE(D69,F69,H69,J69,L69) -> 0 | O69: =AVERAGE(E69,G69,I69,K69,M69) -> 0 | P69: =IFERROR(N69/O69,0) -> 0
C70: Realizado1 | D70: =INDEX($E$6:$BZ$45,MATCH($C70,$A$6:$A$45,0),MATCH(D$68,$E$5:$BZ$5,0)) -> 0 | E70: =INDEX($E$6:$BZ$45,MATCH($C70,$A$6:$A$45,0),MATCH(E$68,$E$5:$BZ$5,0)) -> 0 | F70: =INDEX($E$6:$BZ$45,MATCH($C70,$A$6:$A$45,0),MATCH(F$68,$E$5:$BZ$5,0)) -> 0 | G70: =INDEX($E$6:$BZ$45,MATCH($C70,$A$6:$A$45,0),MATCH(G$68,$E$5:$BZ$5,0)) -> 0 | H70: =INDEX($E$6:$BZ$45,MATCH($C70,$A$6:$A$45,0),MATCH(H$68,$E$5:$BZ$5,0)) -> 0 | I70: =INDEX($E$6:$BZ$45,MATCH($C70,$A$6:$A$45,0),MATCH(I$68,$E$5:$BZ$5,0)) -> 0 | J70: =INDEX($E$6:$BZ$45,MATCH($C70,$A$6:$A$45,0),MATCH(J$68,$E$5:$BZ$5,0)) -> 0 | K70: =INDEX($E$6:$BZ$45,MATCH($C70,$A$6:$A$45,0),MATCH(K$68,$E$5:$BZ$5,0)) -> 0 | ... M70: =INDEX($E$6:$BZ$45,MATCH($C70,$A$6:$A$45,0),MATCH(M$68,$E$5:$BZ$5,0)) -> 0 | N70: =AVERAGE(D70,F70,H70,J70,L70) -> 0 | O70: =AVERAGE(E70,G70,I70,K70,M70) -> 0 | P70: =IFERROR(N70/O70,0) -> 0
C71: Planejado2 | D71: =INDEX($E$6:$BZ$45,MATCH($C71,$A$6:$A$45,0),MATCH(D$68,$E$5:$BZ$5,0)) -> 0 | E71: =INDEX($E$6:$BZ$45,MATCH($C71,$A$6:$A$45,0),MATCH(E$68,$E$5:$BZ$5,0)) -> 0 | F71: =INDEX($E$6:$BZ$45,MATCH($C71,$A$6:$A$45,0),MATCH(F$68,$E$5:$BZ$5,0)) -> 0 | G71: =INDEX($E$6:$BZ$45,MATCH($C71,$A$6:$A$45,0),MATCH(G$68,$E$5:$BZ$5,0)) -> 0 | H71: =INDEX($E$6:$BZ$45,MATCH($C71,$A$6:$A$45,0),MATCH(H$68,$E$5:$BZ$5,0)) -> 0 | I71: =INDEX($E$6:$BZ$45,MATCH($C71,$A$6:$A$45,0),MATCH(I$68,$E$5:$BZ$5,0)) -> 0 | J71: =INDEX($E$6:$BZ$45,MATCH($C71,$A$6:$A$45,0),MATCH(J$68,$E$5:$BZ$5,0)) -> 0 | K71: =INDEX($E$6:$BZ$45,MATCH($C71,$A$6:$A$45,0),MATCH(K$68,$E$5:$BZ$5,0)) -> 0 | ... M71: =INDEX($E$6:$BZ$45,MATCH($C71,$A$6:$A$45,0),MATCH(M$68,$E$5:$BZ$5,0)) -> 0 | N71: =AVERAGE(D71,F71,H71,J71,L71) -> 0 | O71: =AVERAGE(E71,G71,I71,K71,M71) -> 0 | P71: =IFERROR(N71/O71,0) -> 0
C72: Realizado2 | D72: =INDEX($E$6:$BZ$45,MATCH($C72,$A$6:$A$45,0),MATCH(D$68,$E$5:$BZ$5,0)) -> 0 | E72: =INDEX($E$6:$BZ$45,MATCH($C72,$A$6:$A$45,0),MATCH(E$68,$E$5:$BZ$5,0)) -> 0 | F72: =INDEX($E$6:$BZ$45,MATCH($C72,$A$6:$A$45,0),MATCH(F$68,$E$5:$BZ$5,0)) -> 0 | G72: =INDEX($E$6:$BZ$45,MATCH($C72,$A$6:$A$45,0),MATCH(G$68,$E$5:$BZ$5,0)) -> 0 | H72: =INDEX($E$6:$BZ$45,MATCH($C72,$A$6:$A$45,0),MATCH(H$68,$E$5:$BZ$5,0)) -> 0 | I72: =INDEX($E$6:$BZ$45,MATCH($C72,$A$6:$A$45,0),MATCH(I$68,$E$5:$BZ$5,0)) -> 0 | J72: =INDEX($E$6:$BZ$45,MATCH($C72,$A$6:$A$45,0),MATCH(J$68,$E$5:$BZ$5,0)) -> 0 | K72: =INDEX($E$6:$BZ$45,MATCH($C72,$A$6:$A$45,0),MATCH(K$68,$E$5:$BZ$5,0)) -> 0 | ... M72: =INDEX($E$6:$BZ$45,MATCH($C72,$A$6:$A$45,0),MATCH(M$68,$E$5:$BZ$5,0)) -> 0 | N72: =AVERAGE(D72,F72,H72,J72,L72) -> 0 | O72: =AVERAGE(E72,G72,I72,K72,M72) -> 0 | P72: =IFERROR(N72/O72,0) -> 0
C73: Planejado3 | D73: =INDEX($E$6:$BZ$45,MATCH($C73,$A$6:$A$45,0),MATCH(D$68,$E$5:$BZ$5,0)) -> 0 | E73: =INDEX($E$6:$BZ$45,MATCH($C73,$A$6:$A$45,0),MATCH(E$68,$E$5:$BZ$5,0)) -> 0 | F73: =INDEX($E$6:$BZ$45,MATCH($C73,$A$6:$A$45,0),MATCH(F$68,$E$5:$BZ$5,0)) -> 0 | G73: =INDEX($E$6:$BZ$45,MATCH($C73,$A$6:$A$45,0),MATCH(G$68,$E$5:$BZ$5,0)) -> 0 | H73: =INDEX($E$6:$BZ$45,MATCH($C73,$A$6:$A$45,0),MATCH(H$68,$E$5:$BZ$5,0)) -> 0 | I73: =INDEX($E$6:$BZ$45,MATCH($C73,$A$6:$A$45,0),MATCH(I$68,$E$5:$BZ$5,0)) -> 0 | J73: =INDEX($E$6:$BZ$45,MATCH($C73,$A$6:$A$45,0),MATCH(J$68,$E$5:$BZ$5,0)) -> 0 | K73: =INDEX($E$6:$BZ$45,MATCH($C73,$A$6:$A$45,0),MATCH(K$68,$E$5:$BZ$5,0)) -> 0 | ... M73: =INDEX($E$6:$BZ$45,MATCH($C73,$A$6:$A$45,0),MATCH(M$68,$E$5:$BZ$5,0)) -> 0 | N73: =AVERAGE(D73,F73,H73,J73,L73) -> 0 | O73: =AVERAGE(E73,G73,I73,K73,M73) -> 0 | P73: =IFERROR(N73/O73,0) -> 0
C74: Realizado3 | D74: =INDEX($E$6:$BZ$45,MATCH($C74,$A$6:$A$45,0),MATCH(D$68,$E$5:$BZ$5,0)) -> 0 | E74: =INDEX($E$6:$BZ$45,MATCH($C74,$A$6:$A$45,0),MATCH(E$68,$E$5:$BZ$5,0)) -> 0 | F74: =INDEX($E$6:$BZ$45,MATCH($C74,$A$6:$A$45,0),MATCH(F$68,$E$5:$BZ$5,0)) -> 0 | G74: =INDEX($E$6:$BZ$45,MATCH($C74,$A$6:$A$45,0),MATCH(G$68,$E$5:$BZ$5,0)) -> 0 | H74: =INDEX($E$6:$BZ$45,MATCH($C74,$A$6:$A$45,0),MATCH(H$68,$E$5:$BZ$5,0)) -> 0 | I74: =INDEX($E$6:$BZ$45,MATCH($C74,$A$6:$A$45,0),MATCH(I$68,$E$5:$BZ$5,0)) -> 0 | J74: =INDEX($E$6:$BZ$45,MATCH($C74,$A$6:$A$45,0),MATCH(J$68,$E$5:$BZ$5,0)) -> 0 | K74: =INDEX($E$6:$BZ$45,MATCH($C74,$A$6:$A$45,0),MATCH(K$68,$E$5:$BZ$5,0)) -> 0 | ... M74: =INDEX($E$6:$BZ$45,MATCH($C74,$A$6:$A$45,0),MATCH(M$68,$E$5:$BZ$5,0)) -> 0 | N74: =AVERAGE(D74,F74,H74,J74,L74) -> 0 | O74: =AVERAGE(E74,G74,I74,K74,M74) -> 0 | P74: =IFERROR(N74/O74,0) -> 0
C75: Planejado4 | D75: =INDEX($E$6:$BZ$45,MATCH($C75,$A$6:$A$45,0),MATCH(D$68,$E$5:$BZ$5,0)) -> 0 | E75: =INDEX($E$6:$BZ$45,MATCH($C75,$A$6:$A$45,0),MATCH(E$68,$E$5:$BZ$5,0)) -> 0 | F75: =INDEX($E$6:$BZ$45,MATCH($C75,$A$6:$A$45,0),MATCH(F$68,$E$5:$BZ$5,0)) -> 0 | G75: =INDEX($E$6:$BZ$45,MATCH($C75,$A$6:$A$45,0),MATCH(G$68,$E$5:$BZ$5,0)) -> 0 | H75: =INDEX($E$6:$BZ$45,MATCH($C75,$A$6:$A$45,0),MATCH(H$68,$E$5:$BZ$5,0)) -> 0 | I75: =INDEX($E$6:$BZ$45,MATCH($C75,$A$6:$A$45,0),MATCH(I$68,$E$5:$BZ$5,0)) -> 0 | J75: =INDEX($E$6:$BZ$45,MATCH($C75,$A$6:$A$45,0),MATCH(J$68,$E$5:$BZ$5,0)) -> 0 | K75: =INDEX($E$6:$BZ$45,MATCH($C75,$A$6:$A$45,0),MATCH(K$68,$E$5:$BZ$5,0)) -> 0 | ... M75: =INDEX($E$6:$BZ$45,MATCH($C75,$A$6:$A$45,0),MATCH(M$68,$E$5:$BZ$5,0)) -> 0 | N75: =AVERAGE(D75,F75,H75,J75,L75) -> 0 | O75: =AVERAGE(E75,G75,I75,K75,M75) -> 0 | P75: =IFERROR(N75/O75,0) -> 0
C76: Realizado4 | D76: =INDEX($E$6:$BZ$45,MATCH($C76,$A$6:$A$45,0),MATCH(D$68,$E$5:$BZ$5,0)) -> 0 | E76: =INDEX($E$6:$BZ$45,MATCH($C76,$A$6:$A$45,0),MATCH(E$68,$E$5:$BZ$5,0)) -> 0 | F76: =INDEX($E$6:$BZ$45,MATCH($C76,$A$6:$A$45,0),MATCH(F$68,$E$5:$BZ$5,0)) -> 0 | G76: =INDEX($E$6:$BZ$45,MATCH($C76,$A$6:$A$45,0),MATCH(G$68,$E$5:$BZ$5,0)) -> 0 | H76: =INDEX($E$6:$BZ$45,MATCH($C76,$A$6:$A$45,0),MATCH(H$68,$E$5:$BZ$5,0)) -> 0 | I76: =INDEX($E$6:$BZ$45,MATCH($C76,$A$6:$A$45,0),MATCH(I$68,$E$5:$BZ$5,0)) -> 0 | J76: =INDEX($E$6:$BZ$45,MATCH($C76,$A$6:$A$45,0),MATCH(J$68,$E$5:$BZ$5,0)) -> 0 | K76: =INDEX($E$6:$BZ$45,MATCH($C76,$A$6:$A$45,0),MATCH(K$68,$E$5:$BZ$5,0)) -> 0 | ... M76: =INDEX($E$6:$BZ$45,MATCH($C76,$A$6:$A$45,0),MATCH(M$68,$E$5:$BZ$5,0)) -> 0 | N76: =AVERAGE(D76,F76,H76,J76,L76) -> 0 | O76: =AVERAGE(E76,G76,I76,K76,M76) -> 0 | P76: =IFERROR(N76/O76,0) -> 0
C77: Planejado5 | D77: =INDEX($E$6:$BZ$45,MATCH($C77,$A$6:$A$45,0),MATCH(D$68,$E$5:$BZ$5,0)) -> 0 | E77: =INDEX($E$6:$BZ$45,MATCH($C77,$A$6:$A$45,0),MATCH(E$68,$E$5:$BZ$5,0)) -> 0 | F77: =INDEX($E$6:$BZ$45,MATCH($C77,$A$6:$A$45,0),MATCH(F$68,$E$5:$BZ$5,0)) -> 0 | G77: =INDEX($E$6:$BZ$45,MATCH($C77,$A$6:$A$45,0),MATCH(G$68,$E$5:$BZ$5,0)) -> 0 | H77: =INDEX($E$6:$BZ$45,MATCH($C77,$A$6:$A$45,0),MATCH(H$68,$E$5:$BZ$5,0)) -> 0 | I77: =INDEX($E$6:$BZ$45,MATCH($C77,$A$6:$A$45,0),MATCH(I$68,$E$5:$BZ$5,0)) -> 0 | J77: =INDEX($E$6:$BZ$45,MATCH($C77,$A$6:$A$45,0),MATCH(J$68,$E$5:$BZ$5,0)) -> 0 | K77: =INDEX($E$6:$BZ$45,MATCH($C77,$A$6:$A$45,0),MATCH(K$68,$E$5:$BZ$5,0)) -> 0 | ... M77: =INDEX($E$6:$BZ$45,MATCH($C77,$A$6:$A$45,0),MATCH(M$68,$E$5:$BZ$5,0)) -> 0 | N77: =AVERAGE(D77,F77,H77,J77,L77) -> 0 | O77: =AVERAGE(E77,G77,I77,K77,M77) -> 0 | P77: =IFERROR(N77/O77,0) -> 0
C78: Realizado5 | D78: =INDEX($E$6:$BZ$45,MATCH($C78,$A$6:$A$45,0),MATCH(D$68,$E$5:$BZ$5,0)) -> 0 | E78: =INDEX($E$6:$BZ$45,MATCH($C78,$A$6:$A$45,0),MATCH(E$68,$E$5:$BZ$5,0)) -> 0 | F78: =INDEX($E$6:$BZ$45,MATCH($C78,$A$6:$A$45,0),MATCH(F$68,$E$5:$BZ$5,0)) -> 0 | G78: =INDEX($E$6:$BZ$45,MATCH($C78,$A$6:$A$45,0),MATCH(G$68,$E$5:$BZ$5,0)) -> 0 | H78: =INDEX($E$6:$BZ$45,MATCH($C78,$A$6:$A$45,0),MATCH(H$68,$E$5:$BZ$5,0)) -> 0 | I78: =INDEX($E$6:$BZ$45,MATCH($C78,$A$6:$A$45,0),MATCH(I$68,$E$5:$BZ$5,0)) -> 0 | J78: =INDEX($E$6:$BZ$45,MATCH($C78,$A$6:$A$45,0),MATCH(J$68,$E$5:$BZ$5,0)) -> 0 | K78: =INDEX($E$6:$BZ$45,MATCH($C78,$A$6:$A$45,0),MATCH(K$68,$E$5:$BZ$5,0)) -> 0 | ... M78: =INDEX($E$6:$BZ$45,MATCH($C78,$A$6:$A$45,0),MATCH(M$68,$E$5:$BZ$5,0)) -> 0 | N78: =AVERAGE(D78,F78,H78,J78,L78) -> 0 | O78: =AVERAGE(E78,G78,I78,K78,M78) -> 0 | P78: =IFERROR(N78/O78,0) -> 0
C79: Planejado6 | D79: =INDEX($E$6:$BZ$45,MATCH($C79,$A$6:$A$45,0),MATCH(D$68,$E$5:$BZ$5,0)) -> 0 | E79: =INDEX($E$6:$BZ$45,MATCH($C79,$A$6:$A$45,0),MATCH(E$68,$E$5:$BZ$5,0)) -> 0 | F79: =INDEX($E$6:$BZ$45,MATCH($C79,$A$6:$A$45,0),MATCH(F$68,$E$5:$BZ$5,0)) -> 0 | G79: =INDEX($E$6:$BZ$45,MATCH($C79,$A$6:$A$45,0),MATCH(G$68,$E$5:$BZ$5,0)) -> 0 | H79: =INDEX($E$6:$BZ$45,MATCH($C79,$A$6:$A$45,0),MATCH(H$68,$E$5:$BZ$5,0)) -> 0 | I79: =INDEX($E$6:$BZ$45,MATCH($C79,$A$6:$A$45,0),MATCH(I$68,$E$5:$BZ$5,0)) -> 0 | J79: =INDEX($E$6:$BZ$45,MATCH($C79,$A$6:$A$45,0),MATCH(J$68,$E$5:$BZ$5,0)) -> 0 | K79: =INDEX($E$6:$BZ$45,MATCH($C79,$A$6:$A$45,0),MATCH(K$68,$E$5:$BZ$5,0)) -> 0 | ... M79: =INDEX($E$6:$BZ$45,MATCH($C79,$A$6:$A$45,0),MATCH(M$68,$E$5:$BZ$5,0)) -> 0 | N79: =AVERAGE(D79,F79,H79,J79,L79) -> 0 | O79: =AVERAGE(E79,G79,I79,K79,M79) -> 0 | P79: =IFERROR(N79/O79,0) -> 0
C80: Realizado6 | D80: =INDEX($E$6:$BZ$45,MATCH($C80,$A$6:$A$45,0),MATCH(D$68,$E$5:$BZ$5,0)) -> 0 | E80: =INDEX($E$6:$BZ$45,MATCH($C80,$A$6:$A$45,0),MATCH(E$68,$E$5:$BZ$5,0)) -> 0 | F80: =INDEX($E$6:$BZ$45,MATCH($C80,$A$6:$A$45,0),MATCH(F$68,$E$5:$BZ$5,0)) -> 0 | G80: =INDEX($E$6:$BZ$45,MATCH($C80,$A$6:$A$45,0),MATCH(G$68,$E$5:$BZ$5,0)) -> 0 | H80: =INDEX($E$6:$BZ$45,MATCH($C80,$A$6:$A$45,0),MATCH(H$68,$E$5:$BZ$5,0)) -> 0 | I80: =INDEX($E$6:$BZ$45,MATCH($C80,$A$6:$A$45,0),MATCH(I$68,$E$5:$BZ$5,0)) -> 0 | J80: =INDEX($E$6:$BZ$45,MATCH($C80,$A$6:$A$45,0),MATCH(J$68,$E$5:$BZ$5,0)) -> 0 | K80: =INDEX($E$6:$BZ$45,MATCH($C80,$A$6:$A$45,0),MATCH(K$68,$E$5:$BZ$5,0)) -> 0 | ... M80: =INDEX($E$6:$BZ$45,MATCH($C80,$A$6:$A$45,0),MATCH(M$68,$E$5:$BZ$5,0)) -> 0 | N80: =AVERAGE(D80,F80,H80,J80,L80) -> 0 | O80: =AVERAGE(E80,G80,I80,K80,M80) -> 0 | P80: =IFERROR(N80/O80,0) -> 0
... C84: Realizado8 | D84: =INDEX($E$6:$BZ$45,MATCH($C84,$A$6:$A$45,0),MATCH(D$68,$E$5:$BZ$5,0)) -> 0 | E84: =INDEX($E$6:$BZ$45,MATCH($C84,$A$6:$A$45,0),MATCH(E$68,$E$5:$BZ$5,0)) -> 0 | F84: =INDEX($E$6:$BZ$45,MATCH($C84,$A$6:$A$45,0),MATCH(F$68,$E$5:$BZ$5,0)) -> 0 | G84: =INDEX($E$6:$BZ$45,MATCH($C84,$A$6:$A$45,0),MATCH(G$68,$E$5:$BZ$5,0)) -> 0 | H84: =INDEX($E$6:$BZ$45,MATCH($C84,$A$6:$A$45,0),MATCH(H$68,$E$5:$BZ$5,0)) -> 0 | I84: =INDEX($E$6:$BZ$45,MATCH($C84,$A$6:$A$45,0),MATCH(I$68,$E$5:$BZ$5,0)) -> 0 | J84: =INDEX($E$6:$BZ$45,MATCH($C84,$A$6:$A$45,0),MATCH(J$68,$E$5:$BZ$5,0)) -> 0 | K84: =INDEX($E$6:$BZ$45,MATCH($C84,$A$6:$A$45,0),MATCH(K$68,$E$5:$BZ$5,0)) -> 0 | ... M84: =INDEX($E$6:$BZ$45,MATCH($C84,$A$6:$A$45,0),MATCH(M$68,$E$5:$BZ$5,0)) -> 0 | N84: =AVERAGE(D84,F84,H84,J84,L84) -> 0 | O84: =AVERAGE(E84,G84,I84,K84,M84) -> 0 | P84: =IFERROR(N84/O84,0) -> 0
C85: Planejado1 | E85: =COUNTA(E8) -> 0 | F85: =COUNTA(F8) -> 0 | G85: =COUNTA(G8) -> 0 | H85: =COUNTA(H8) -> 0 | I85: =COUNTA(I8) -> 0 | J85: =COUNTA(J8) -> 0 | K85: =COUNTA(K8) -> 0 | L85: =COUNTA(L8) -> 0 | ... P85: =COUNTA(P8) -> 0 | T85: =COUNTA(T8) -> 0 | U85: =COUNTA(U8) -> 0 | V85: =COUNTA(V8) -> 0 | W85: =COUNTA(W8) -> 0 | X85: =COUNTA(X8) -> 0 | Y85: =COUNTA(Y8) -> 0 | Z85: =COUNTA(Z8) -> 0 | AA85: =COUNTA(AA8) -> 0 | ... AE85: =COUNTA(AE8) -> 0 | AI85: =COUNTA(AI8) -> 0 | AJ85: =COUNTA(AJ8) -> 0 | AK85: =COUNTA(AK8) -> 0 | AL85: =COUNTA(AL8) -> 0 | AM85: =COUNTA(AM8) -> 0 | AN85: =COUNTA(AN8) -> 0 | AO85: =COUNTA(AO8) -> 0 | AP85: =COUNTA(AP8) -> 0 | ... AT85: =COUNTA(AT8) -> 0 | AX85: =COUNTA(AX8) -> 0 | AY85: =COUNTA(AY8) -> 0 | AZ85: =COUNTA(AZ8) -> 0 | BA85: =COUNTA(BA8) -> 0 | BB85: =COUNTA(BB8) -> 0 | BC85: =COUNTA(BC8) -> 0 | BD85: =COUNTA(BD8) -> 0 | BE85: =COUNTA(BE8) -> 0 | ... BI85: =COUNTA(BI8) -> 0 | BM85: =COUNTA(BM8) -> 0 | BN85: =COUNTA(BN8) -> 0 | BO85: =COUNTA(BO8) -> 0 | BP85: =COUNTA(BP8) -> 0 | BQ85: =COUNTA(BQ8) -> 0 | BR85: =COUNTA(BR8) -> 0 | BS85: =COUNTA(BS8) -> 0 | BT85: =COUNTA(BT8) -> 0 | ... BX85: =COUNTA(BX8) -> 0
C86: Realizado1 | E86: =COUNTA(E9) -> 0 | F86: =COUNTA(F9) -> 0 | G86: =COUNTA(G9) -> 0 | H86: =COUNTA(H9) -> 0 | I86: =COUNTA(I9) -> 0 | J86: =COUNTA(J9) -> 0 | K86: =COUNTA(K9) -> 0 | L86: =COUNTA(L9) -> 0 | ... P86: =COUNTA(P9) -> 0 | T86: =COUNTA(T9) -> 0 | U86: =COUNTA(U9) -> 0 | V86: =COUNTA(V9) -> 0 | W86: =COUNTA(W9) -> 0 | X86: =COUNTA(X9) -> 0 | Y86: =COUNTA(Y9) -> 0 | Z86: =COUNTA(Z9) -> 0 | AA86: =COUNTA(AA9) -> 0 | ... AE86: =COUNTA(AE9) -> 0 | AI86: =COUNTA(AI9) -> 0 | AJ86: =COUNTA(AJ9) -> 0 | AK86: =COUNTA(AK9) -> 0 | AL86: =COUNTA(AL9) -> 0 | AM86: =COUNTA(AM9) -> 0 | AN86: =COUNTA(AN9) -> 0 | AO86: =COUNTA(AO9) -> 0 | AP86: =COUNTA(AP9) -> 0 | ... AT86: =COUNTA(AT9) -> 0 | AX86: =COUNTA(AX9) -> 0 | AY86: =COUNTA(AY9) -> 0 | AZ86: =COUNTA(AZ9) -> 0 | BA86: =COUNTA(BA9) -> 0 | BB86: =COUNTA(BB9) -> 0 | BC86: =COUNTA(BC9) -> 0 | BD86: =COUNTA(BD9) -> 0 | BE86: =COUNTA(BE9) -> 0 | ... BI86: =COUNTA(BI9) -> 0 | BM86: =COUNTA(BM9) -> 0 | BN86: =COUNTA(BN9) -> 0 | BO86: =COUNTA(BO9) -> 0 | BP86: =COUNTA(BP9) -> 0 | BQ86: =COUNTA(BQ9) -> 0 | BR86: =COUNTA(BR9) -> 0 | BS86: =COUNTA(BS9) -> 0 | BT86: =COUNTA(BT9) -> 0 | ... BX86: =COUNTA(BX9) -> 0
C87: Planejado2 | E87: =COUNTA(E13) -> 0 | F87: =COUNTA(F13) -> 0 | G87: =COUNTA(G13) -> 0 | H87: =COUNTA(H13) -> 0 | I87: =COUNTA(I13) -> 0 | J87: =COUNTA(J13) -> 0 | K87: =COUNTA(K13) -> 0 | L87: =COUNTA(L13) -> 0 | ... P87: =COUNTA(P13) -> 0 | T87: =COUNTA(T13) -> 0 | U87: =COUNTA(U13) -> 0 | V87: =COUNTA(V13) -> 0 | W87: =COUNTA(W13) -> 0 | X87: =COUNTA(X13) -> 0 | Y87: =COUNTA(Y13) -> 0 | Z87: =COUNTA(Z13) -> 0 | AA87: =COUNTA(AA13) -> 0 | ... AE87: =COUNTA(AE13) -> 0 | AI87: =COUNTA(AI13) -> 0 | AJ87: =COUNTA(AJ13) -> 0 | AK87: =COUNTA(AK13) -> 0 | AL87: =COUNTA(AL13) -> 0 | AM87: =COUNTA(AM13) -> 0 | AN87: =COUNTA(AN13) -> 0 | AO87: =COUNTA(AO13) -> 0 | AP87: =COUNTA(AP13) -> 0 | ... AT87: =COUNTA(AT13) -> 0 | AX87: =COUNTA(AX13) -> 0 | AY87: =COUNTA(AY13) -> 0 | AZ87: =COUNTA(AZ13) -> 0 | BA87: =COUNTA(BA13) -> 0 | BB87: =COUNTA(BB13) -> 0 | BC87: =COUNTA(BC13) -> 0 | BD87: =COUNTA(BD13) -> 0 | BE87: =COUNTA(BE13) -> 0 | ... BI87: =COUNTA(BI13) -> 0 | BM87: =COUNTA(BM13) -> 0 | BN87: =COUNTA(BN13) -> 0 | BO87: =COUNTA(BO13) -> 0 | BP87: =COUNTA(BP13) -> 0 | BQ87: =COUNTA(BQ13) -> 0 | BR87: =COUNTA(BR13) -> 0 | BS87: =COUNTA(BS13) -> 0 | BT87: =COUNTA(BT13) -> 0 | ... BX87: =COUNTA(BX13) -> 0
C88: Realizado2 | E88: =COUNTA(E14) -> 0 | F88: =COUNTA(F14) -> 0 | G88: =COUNTA(G14) -> 0 | H88: =COUNTA(H14) -> 0 | I88: =COUNTA(I14) -> 0 | J88: =COUNTA(J14) -> 0 | K88: =COUNTA(K14) -> 0 | L88: =COUNTA(L14) -> 0 | ... P88: =COUNTA(P14) -> 0 | T88: =COUNTA(T14) -> 0 | U88: =COUNTA(U14) -> 0 | V88: =COUNTA(V14) -> 0 | W88: =COUNTA(W14) -> 0 | X88: =COUNTA(X14) -> 0 | Y88: =COUNTA(Y14) -> 0 | Z88: =COUNTA(Z14) -> 0 | AA88: =COUNTA(AA14) -> 0 | ... AE88: =COUNTA(AE14) -> 0 | AI88: =COUNTA(AI14) -> 0 | AJ88: =COUNTA(AJ14) -> 0 | AK88: =COUNTA(AK14) -> 0 | AL88: =COUNTA(AL14) -> 0 | AM88: =COUNTA(AM14) -> 0 | AN88: =COUNTA(AN14) -> 0 | AO88: =COUNTA(AO14) -> 0 | AP88: =COUNTA(AP14) -> 0 | ... AT88: =COUNTA(AT14) -> 0 | AX88: =COUNTA(AX14) -> 0 | AY88: =COUNTA(AY14) -> 0 | AZ88: =COUNTA(AZ14) -> 0 | BA88: =COUNTA(BA14) -> 0 | BB88: =COUNTA(BB14) -> 0 | BC88: =COUNTA(BC14) -> 0 | BD88: =COUNTA(BD14) -> 0 | BE88: =COUNTA(BE14) -> 0 | ... BI88: =COUNTA(BI14) -> 0 | BM88: =COUNTA(BM14) -> 0 | BN88: =COUNTA(BN14) -> 0 | BO88: =COUNTA(BO14) -> 0 | BP88: =COUNTA(BP14) -> 0 | BQ88: =COUNTA(BQ14) -> 0 | BR88: =COUNTA(BR14) -> 0 | BS88: =COUNTA(BS14) -> 0 | BT88: =COUNTA(BT14) -> 0 | ... BX88: =COUNTA(BX14) -> 0
C89: Planejado3 | E89: =COUNTA(E18) -> 0 | F89: =COUNTA(F18) -> 0 | G89: =COUNTA(G18) -> 0 | H89: =COUNTA(H18) -> 0 | I89: =COUNTA(I18) -> 0 | J89: =COUNTA(J18) -> 0 | K89: =COUNTA(K18) -> 0 | L89: =COUNTA(L18) -> 0 | ... P89: =COUNTA(P18) -> 0 | T89: =COUNTA(T18) -> 0 | U89: =COUNTA(U18) -> 0 | V89: =COUNTA(V18) -> 0 | W89: =COUNTA(W18) -> 0 | X89: =COUNTA(X18) -> 0 | Y89: =COUNTA(Y18) -> 0 | Z89: =COUNTA(Z18) -> 0 | AA89: =COUNTA(AA18) -> 0 | ... AE89: =COUNTA(AE18) -> 0 | AI89: =COUNTA(AI18) -> 0 | AJ89: =COUNTA(AJ18) -> 0 | AK89: =COUNTA(AK18) -> 0 | AL89: =COUNTA(AL18) -> 0 | AM89: =COUNTA(AM18) -> 0 | AN89: =COUNTA(AN18) -> 0 | AO89: =COUNTA(AO18) -> 0 | AP89: =COUNTA(AP18) -> 0 | ... AT89: =COUNTA(AT18) -> 0 | AX89: =COUNTA(AX18) -> 0 | AY89: =COUNTA(AY18) -> 0 | AZ89: =COUNTA(AZ18) -> 0 | BA89: =COUNTA(BA18) -> 0 | BB89: =COUNTA(BB18) -> 0 | BC89: =COUNTA(BC18) -> 0 | BD89: =COUNTA(BD18) -> 0 | BE89: =COUNTA(BE18) -> 0 | ... BI89: =COUNTA(BI18) -> 0 | BM89: =COUNTA(BM18) -> 0 | BN89: =COUNTA(BN18) -> 0 | BO89: =COUNTA(BO18) -> 0 | BP89: =COUNTA(BP18) -> 0 | BQ89: =COUNTA(BQ18) -> 0 | BR89: =COUNTA(BR18) -> 0 | BS89: =COUNTA(BS18) -> 0 | BT89: =COUNTA(BT18) -> 0 | ... BX89: =COUNTA(BX18) -> 0
C90: Realizado3 | E90: =COUNTA(E19) -> 0 | F90: =COUNTA(F19) -> 0 | G90: =COUNTA(G19) -> 0 | H90: =COUNTA(H19) -> 0 | I90: =COUNTA(I19) -> 0 | J90: =COUNTA(J19) -> 0 | K90: =COUNTA(K19) -> 0 | L90: =COUNTA(L19) -> 0 | ... P90: =COUNTA(P19) -> 0 | T90: =COUNTA(T19) -> 0 | U90: =COUNTA(U19) -> 0 | V90: =COUNTA(V19) -> 0 | W90: =COUNTA(W19) -> 0 | X90: =COUNTA(X19) -> 0 | Y90: =COUNTA(Y19) -> 0 | Z90: =COUNTA(Z19) -> 0 | AA90: =COUNTA(AA19) -> 0 | ... AE90: =COUNTA(AE19) -> 0 | AI90: =COUNTA(AI19) -> 0 | AJ90: =COUNTA(AJ19) -> 0 | AK90: =COUNTA(AK19) -> 0 | AL90: =COUNTA(AL19) -> 0 | AM90: =COUNTA(AM19) -> 0 | AN90: =COUNTA(AN19) -> 0 | AO90: =COUNTA(AO19) -> 0 | AP90: =COUNTA(AP19) -> 0 | ... AT90: =COUNTA(AT19) -> 0 | AX90: =COUNTA(AX19) -> 0 | AY90: =COUNTA(AY19) -> 0 | AZ90: =COUNTA(AZ19) -> 0 | BA90: =COUNTA(BA19) -> 0 | BB90: =COUNTA(BB19) -> 0 | BC90: =COUNTA(BC19) -> 0 | BD90: =COUNTA(BD19) -> 0 | BE90: =COUNTA(BE19) -> 0 | ... BI90: =COUNTA(BI19) -> 0 | BM90: =COUNTA(BM19) -> 0 | BN90: =COUNTA(BN19) -> 0 | BO90: =COUNTA(BO19) -> 0 | BP90: =COUNTA(BP19) -> 0 | BQ90: =COUNTA(BQ19) -> 0 | BR90: =COUNTA(BR19) -> 0 | BS90: =COUNTA(BS19) -> 0 | BT90: =COUNTA(BT19) -> 0 | ... BX90: =COUNTA(BX19) -> 0
C91: Planejado4 | E91: =COUNTA(E23) -> 0 | F91: =COUNTA(F23) -> 0 | G91: =COUNTA(G23) -> 0 | H91: =COUNTA(H23) -> 0 | I91: =COUNTA(I23) -> 0 | J91: =COUNTA(J23) -> 0 | K91: =COUNTA(K23) -> 0 | L91: =COUNTA(L23) -> 0 | ... P91: =COUNTA(P23) -> 0 | T91: =COUNTA(T23) -> 0 | U91: =COUNTA(U23) -> 0 | V91: =COUNTA(V23) -> 0 | W91: =COUNTA(W23) -> 0 | X91: =COUNTA(X23) -> 0 | Y91: =COUNTA(Y23) -> 0 | Z91: =COUNTA(Z23) -> 0 | AA91: =COUNTA(AA23) -> 0 | ... AE91: =COUNTA(AE23) -> 0 | AI91: =COUNTA(AI23) -> 0 | AJ91: =COUNTA(AJ23) -> 0 | AK91: =COUNTA(AK23) -> 0 | AL91: =COUNTA(AL23) -> 0 | AM91: =COUNTA(AM23) -> 0 | AN91: =COUNTA(AN23) -> 0 | AO91: =COUNTA(AO23) -> 0 | AP91: =COUNTA(AP23) -> 0 | ... AT91: =COUNTA(AT23) -> 0 | AX91: =COUNTA(AX23) -> 0 | AY91: =COUNTA(AY23) -> 0 | AZ91: =COUNTA(AZ23) -> 0 | BA91: =COUNTA(BA23) -> 0 | BB91: =COUNTA(BB23) -> 0 | BC91: =COUNTA(BC23) -> 0 | BD91: =COUNTA(BD23) -> 0 | BE91: =COUNTA(BE23) -> 0 | ... BI91: =COUNTA(BI23) -> 0 | BM91: =COUNTA(BM23) -> 0 | BN91: =COUNTA(BN23) -> 0 | BO91: =COUNTA(BO23) -> 0 | BP91: =COUNTA(BP23) -> 0 | BQ91: =COUNTA(BQ23) -> 0 | BR91: =COUNTA(BR23) -> 0 | BS91: =COUNTA(BS23) -> 0 | BT91: =COUNTA(BT23) -> 0 | ... BX91: =COUNTA(BX23) -> 0
C92: Realizado4 | E92: =COUNTA(E24) -> 0 | F92: =COUNTA(F24) -> 0 | G92: =COUNTA(G24) -> 0 | H92: =COUNTA(H24) -> 0 | I92: =COUNTA(I24) -> 0 | J92: =COUNTA(J24) -> 0 | K92: =COUNTA(K24) -> 0 | L92: =COUNTA(L24) -> 0 | ... P92: =COUNTA(P24) -> 0 | T92: =COUNTA(T24) -> 0 | U92: =COUNTA(U24) -> 0 | V92: =COUNTA(V24) -> 0 | W92: =COUNTA(W24) -> 0 | X92: =COUNTA(X24) -> 0 | Y92: =COUNTA(Y24) -> 0 | Z92: =COUNTA(Z24) -> 0 | AA92: =COUNTA(AA24) -> 0 | ... AE92: =COUNTA(AE24) -> 0 | AI92: =COUNTA(AI24) -> 0 | AJ92: =COUNTA(AJ24) -> 0 | AK92: =COUNTA(AK24) -> 0 | AL92: =COUNTA(AL24) -> 0 | AM92: =COUNTA(AM24) -> 0 | AN92: =COUNTA(AN24) -> 0 | AO92: =COUNTA(AO24) -> 0 | AP92: =COUNTA(AP24) -> 0 | ... AT92: =COUNTA(AT24) -> 0 | AX92: =COUNTA(AX24) -> 0 | AY92: =COUNTA(AY24) -> 0 | AZ92: =COUNTA(AZ24) -> 0 | BA92: =COUNTA(BA24) -> 0 | BB92: =COUNTA(BB24) -> 0 | BC92: =COUNTA(BC24) -> 0 | BD92: =COUNTA(BD24) -> 0 | BE92: =COUNTA(BE24) -> 0 | ... BI92: =COUNTA(BI24) -> 0 | BM92: =COUNTA(BM24) -> 0 | BN92: =COUNTA(BN24) -> 0 | BO92: =COUNTA(BO24) -> 0 | BP92: =COUNTA(BP24) -> 0 | BQ92: =COUNTA(BQ24) -> 0 | BR92: =COUNTA(BR24) -> 0 | BS92: =COUNTA(BS24) -> 0 | BT92: =COUNTA(BT24) -> 0 | ... BX92: =COUNTA(BX24) -> 0
C93: Planejado5 | E93: =COUNTA(E28) -> 0 | F93: =COUNTA(F28) -> 0 | G93: =COUNTA(G28) -> 0 | H93: =COUNTA(H28) -> 0 | I93: =COUNTA(I28) -> 0 | J93: =COUNTA(J28) -> 0 | K93: =COUNTA(K28) -> 0 | L93: =COUNTA(L28) -> 0 | ... P93: =COUNTA(P28) -> 0 | T93: =COUNTA(T28) -> 0 | U93: =COUNTA(U28) -> 0 | V93: =COUNTA(V28) -> 0 | W93: =COUNTA(W28) -> 0 | X93: =COUNTA(X28) -> 0 | Y93: =COUNTA(Y28) -> 0 | Z93: =COUNTA(Z28) -> 0 | AA93: =COUNTA(AA28) -> 0 | ... AE93: =COUNTA(AE28) -> 0 | AI93: =COUNTA(AI28) -> 0 | AJ93: =COUNTA(AJ28) -> 0 | AK93: =COUNTA(AK28) -> 0 | AL93: =COUNTA(AL28) -> 0 | AM93: =COUNTA(AM28) -> 0 | AN93: =COUNTA(AN28) -> 0 | AO93: =COUNTA(AO28) -> 0 | AP93: =COUNTA(AP28) -> 0 | ... AT93: =COUNTA(AT28) -> 0 | AX93: =COUNTA(AX28) -> 0 | AY93: =COUNTA(AY28) -> 0 | AZ93: =COUNTA(AZ28) -> 0 | BA93: =COUNTA(BA28) -> 0 | BB93: =COUNTA(BB28) -> 0 | BC93: =COUNTA(BC28) -> 0 | BD93: =COUNTA(BD28) -> 0 | BE93: =COUNTA(BE28) -> 0 | ... BI93: =COUNTA(BI28) -> 0 | BM93: =COUNTA(BM28) -> 0 | BN93: =COUNTA(BN28) -> 0 | BO93: =COUNTA(BO28) -> 0 | BP93: =COUNTA(BP28) -> 0 | BQ93: =COUNTA(BQ28) -> 0 | BR93: =COUNTA(BR28) -> 0 | BS93: =COUNTA(BS28) -> 0 | BT93: =COUNTA(BT28) -> 0 | ... BX93: =COUNTA(BX28) -> 0
C94: Realizado5 | E94: =COUNTA(E29) -> 0 | F94: =COUNTA(F29) -> 0 | G94: =COUNTA(G29) -> 0 | H94: =COUNTA(H29) -> 0 | I94: =COUNTA(I29) -> 0 | J94: =COUNTA(J29) -> 0 | K94: =COUNTA(K29) -> 0 | L94: =COUNTA(L29) -> 0 | ... P94: =COUNTA(P29) -> 0 | T94: =COUNTA(T29) -> 0 | U94: =COUNTA(U29) -> 0 | V94: =COUNTA(V29) -> 0 | W94: =COUNTA(W29) -> 0 | X94: =COUNTA(X29) -> 0 | Y94: =COUNTA(Y29) -> 0 | Z94: =COUNTA(Z29) -> 0 | AA94: =COUNTA(AA29) -> 0 | ... AE94: =COUNTA(AE29) -> 0 | AI94: =COUNTA(AI29) -> 0 | AJ94: =COUNTA(AJ29) -> 0 | AK94: =COUNTA(AK29) -> 0 | AL94: =COUNTA(AL29) -> 0 | AM94: =COUNTA(AM29) -> 0 | AN94: =COUNTA(AN29) -> 0 | AO94: =COUNTA(AO29) -> 0 | AP94: =COUNTA(AP29) -> 0 | ... AT94: =COUNTA(AT29) -> 0 | AX94: =COUNTA(AX29) -> 0 | AY94: =COUNTA(AY29) -> 0 | AZ94: =COUNTA(AZ29) -> 0 | BA94: =COUNTA(BA29) -> 0 | BB94: =COUNTA(BB29) -> 0 | BC94: =COUNTA(BC29) -> 0 | BD94: =COUNTA(BD29) -> 0 | BE94: =COUNTA(BE29) -> 0 | ... BI94: =COUNTA(BI29) -> 0 | BM94: =COUNTA(BM29) -> 0 | BN94: =COUNTA(BN29) -> 0 | BO94: =COUNTA(BO29) -> 0 | BP94: =COUNTA(BP29) -> 0 | BQ94: =COUNTA(BQ29) -> 0 | BR94: =COUNTA(BR29) -> 0 | BS94: =COUNTA(BS29) -> 0 | BT94: =COUNTA(BT29) -> 0 | ... BX94: =COUNTA(BX29) -> 0
C95: Planejado6 | E95: =COUNTA(E33) -> 0 | F95: =COUNTA(F33) -> 0 | G95: =COUNTA(G33) -> 0 | H95: =COUNTA(H33) -> 0 | I95: =COUNTA(I33) -> 0 | J95: =COUNTA(J33) -> 0 | K95: =COUNTA(K33) -> 0 | L95: =COUNTA(L33) -> 0 | ... P95: =COUNTA(P33) -> 0 | T95: =COUNTA(T33) -> 0 | U95: =COUNTA(U33) -> 0 | V95: =COUNTA(V33) -> 0 | W95: =COUNTA(W33) -> 0 | X95: =COUNTA(X33) -> 0 | Y95: =COUNTA(Y33) -> 0 | Z95: =COUNTA(Z33) -> 0 | AA95: =COUNTA(AA33) -> 0 | ... AE95: =COUNTA(AE33) -> 0 | AI95: =COUNTA(AI33) -> 0 | AJ95: =COUNTA(AJ33) -> 0 | AK95: =COUNTA(AK33) -> 0 | AL95: =COUNTA(AL33) -> 0 | AM95: =COUNTA(AM33) -> 0 | AN95: =COUNTA(AN33) -> 0 | AO95: =COUNTA(AO33) -> 0 | AP95: =COUNTA(AP33) -> 0 | ... AT95: =COUNTA(AT33) -> 0 | AX95: =COUNTA(AX33) -> 0 | AY95: =COUNTA(AY33) -> 0 | AZ95: =COUNTA(AZ33) -> 0 | BA95: =COUNTA(BA33) -> 0 | BB95: =COUNTA(BB33) -> 0 | BC95: =COUNTA(BC33) -> 0 | BD95: =COUNTA(BD33) -> 0 | BE95: =COUNTA(BE33) -> 0 | ... BI95: =COUNTA(BI33) -> 0 | BM95: =COUNTA(BM33) -> 0 | BN95: =COUNTA(BN33) -> 0 | BO95: =COUNTA(BO33) -> 0 | BP95: =COUNTA(BP33) -> 0 | BQ95: =COUNTA(BQ33) -> 0 | BR95: =COUNTA(BR33) -> 0 | BS95: =COUNTA(BS33) -> 0 | BT95: =COUNTA(BT33) -> 0 | ... BX95: =COUNTA(BX33) -> 0
C96: Realizado6 | E96: =COUNTA(E34) -> 0 | F96: =COUNTA(F34) -> 0 | G96: =COUNTA(G34) -> 0 | H96: =COUNTA(H34) -> 0 | I96: =COUNTA(I34) -> 0 | J96: =COUNTA(J34) -> 0 | K96: =COUNTA(K34) -> 0 | L96: =COUNTA(L34) -> 0 | ... P96: =COUNTA(P34) -> 0 | T96: =COUNTA(T34) -> 0 | U96: =COUNTA(U34) -> 0 | V96: =COUNTA(V34) -> 0 | W96: =COUNTA(W34) -> 0 | X96: =COUNTA(X34) -> 0 | Y96: =COUNTA(Y34) -> 0 | Z96: =COUNTA(Z34) -> 0 | AA96: =COUNTA(AA34) -> 0 | ... AE96: =COUNTA(AE34) -> 0 | AI96: =COUNTA(AI34) -> 0 | AJ96: =COUNTA(AJ34) -> 0 | AK96: =COUNTA(AK34) -> 0 | AL96: =COUNTA(AL34) -> 0 | AM96: =COUNTA(AM34) -> 0 | AN96: =COUNTA(AN34) -> 0 | AO96: =COUNTA(AO34) -> 0 | AP96: =COUNTA(AP34) -> 0 | ... AT96: =COUNTA(AT34) -> 0 | AX96: =COUNTA(AX34) -> 0 | AY96: =COUNTA(AY34) -> 0 | AZ96: =COUNTA(AZ34) -> 0 | BA96: =COUNTA(BA34) -> 0 | BB96: =COUNTA(BB34) -> 0 | BC96: =COUNTA(BC34) -> 0 | BD96: =COUNTA(BD34) -> 0 | BE96: =COUNTA(BE34) -> 0 | ... BI96: =COUNTA(BI34) -> 0 | BM96: =COUNTA(BM34) -> 0 | BN96: =COUNTA(BN34) -> 0 | BO96: =COUNTA(BO34) -> 0 | BP96: =COUNTA(BP34) -> 0 | BQ96: =COUNTA(BQ34) -> 0 | BR96: =COUNTA(BR34) -> 0 | BS96: =COUNTA(BS34) -> 0 | BT96: =COUNTA(BT34) -> 0 | ... BX96: =COUNTA(BX34) -> 0
C97: Planejado7 | E97: =COUNTA(E38) -> 0 | F97: =COUNTA(F38) -> 0 | G97: =COUNTA(G38) -> 0 | H97: =COUNTA(H38) -> 0 | I97: =COUNTA(I38) -> 0 | J97: =COUNTA(J38) -> 0 | K97: =COUNTA(K38) -> 0 | L97: =COUNTA(L38) -> 0 | ... P97: =COUNTA(P38) -> 0 | T97: =COUNTA(T38) -> 0 | U97: =COUNTA(U38) -> 0 | V97: =COUNTA(V38) -> 0 | W97: =COUNTA(W38) -> 0 | X97: =COUNTA(X38) -> 0 | Y97: =COUNTA(Y38) -> 0 | Z97: =COUNTA(Z38) -> 0 | AA97: =COUNTA(AA38) -> 0 | ... AE97: =COUNTA(AE38) -> 0 | AI97: =COUNTA(AI38) -> 0 | AJ97: =COUNTA(AJ38) -> 0 | AK97: =COUNTA(AK38) -> 0 | AL97: =COUNTA(AL38) -> 0 | AM97: =COUNTA(AM38) -> 0 | AN97: =COUNTA(AN38) -> 0 | AO97: =COUNTA(AO38) -> 0 | AP97: =COUNTA(AP38) -> 0 | ... AT97: =COUNTA(AT38) -> 0 | AX97: =COUNTA(AX38) -> 0 | AY97: =COUNTA(AY38) -> 0 | AZ97: =COUNTA(AZ38) -> 0 | BA97: =COUNTA(BA38) -> 0 | BB97: =COUNTA(BB38) -> 0 | BC97: =COUNTA(BC38) -> 0 | BD97: =COUNTA(BD38) -> 0 | BE97: =COUNTA(BE38) -> 0 | ... BI97: =COUNTA(BI38) -> 0 | BM97: =COUNTA(BM38) -> 0 | BN97: =COUNTA(BN38) -> 0 | BO97: =COUNTA(BO38) -> 0 | BP97: =COUNTA(BP38) -> 0 | BQ97: =COUNTA(BQ38) -> 0 | BR97: =COUNTA(BR38) -> 0 | BS97: =COUNTA(BS38) -> 0 | BT97: =COUNTA(BT38) -> 0 | ... BX97: =COUNTA(BX38) -> 0
C98: Realizado7 | E98: =COUNTA(E39) -> 0 | F98: =COUNTA(F39) -> 0 | G98: =COUNTA(G39) -> 0 | H98: =COUNTA(H39) -> 0 | I98: =COUNTA(I39) -> 0 | J98: =COUNTA(J39) -> 0 | K98: =COUNTA(K39) -> 0 | L98: =COUNTA(L39) -> 0 | ... P98: =COUNTA(P39) -> 0 | T98: =COUNTA(T39) -> 0 | U98: =COUNTA(U39) -> 0 | V98: =COUNTA(V39) -> 0 | W98: =COUNTA(W39) -> 0 | X98: =COUNTA(X39) -> 0 | Y98: =COUNTA(Y39) -> 0 | Z98: =COUNTA(Z39) -> 0 | AA98: =COUNTA(AA39) -> 0 | ... AE98: =COUNTA(AE39) -> 0 | AI98: =COUNTA(AI39) -> 0 | AJ98: =COUNTA(AJ39) -> 0 | AK98: =COUNTA(AK39) -> 0 | AL98: =COUNTA(AL39) -> 0 | AM98: =COUNTA(AM39) -> 0 | AN98: =COUNTA(AN39) -> 0 | AO98: =COUNTA(AO39) -> 0 | AP98: =COUNTA(AP39) -> 0 | ... AT98: =COUNTA(AT39) -> 0 | AX98: =COUNTA(AX39) -> 0 | AY98: =COUNTA(AY39) -> 0 | AZ98: =COUNTA(AZ39) -> 0 | BA98: =COUNTA(BA39) -> 0 | BB98: =COUNTA(BB39) -> 0 | BC98: =COUNTA(BC39) -> 0 | BD98: =COUNTA(BD39) -> 0 | BE98: =COUNTA(BE39) -> 0 | ... BI98: =COUNTA(BI39) -> 0 | BM98: =COUNTA(BM39) -> 0 | BN98: =COUNTA(BN39) -> 0 | BO98: =COUNTA(BO39) -> 0 | BP98: =COUNTA(BP39) -> 0 | BQ98: =COUNTA(BQ39) -> 0 | BR98: =COUNTA(BR39) -> 0 | BS98: =COUNTA(BS39) -> 0 | BT98: =COUNTA(BT39) -> 0 | ... BX98: =COUNTA(BX39) -> 0
C99: Planejado8 | E99: =COUNTA(E43) -> 0 | F99: =COUNTA(F43) -> 0 | G99: =COUNTA(G43) -> 0 | H99: =COUNTA(H43) -> 0 | I99: =COUNTA(I43) -> 0 | J99: =COUNTA(J43) -> 0 | K99: =COUNTA(K43) -> 0 | L99: =COUNTA(L43) -> 0 | ... P99: =COUNTA(P43) -> 0 | T99: =COUNTA(T43) -> 0 | U99: =COUNTA(U43) -> 0 | V99: =COUNTA(V43) -> 0 | W99: =COUNTA(W43) -> 0 | X99: =COUNTA(X43) -> 0 | Y99: =COUNTA(Y43) -> 0 | Z99: =COUNTA(Z43) -> 0 | AA99: =COUNTA(AA43) -> 0 | ... AE99: =COUNTA(AE43) -> 0 | AI99: =COUNTA(AI43) -> 0 | AJ99: =COUNTA(AJ43) -> 0 | AK99: =COUNTA(AK43) -> 0 | AL99: =COUNTA(AL43) -> 0 | AM99: =COUNTA(AM43) -> 0 | AN99: =COUNTA(AN43) -> 0 | AO99: =COUNTA(AO43) -> 0 | AP99: =COUNTA(AP43) -> 0 | ... AT99: =COUNTA(AT43) -> 0 | AX99: =COUNTA(AX43) -> 0 | AY99: =COUNTA(AY43) -> 0 | AZ99: =COUNTA(AZ43) -> 0 | BA99: =COUNTA(BA43) -> 0 | BB99: =COUNTA(BB43) -> 0 | BC99: =COUNTA(BC43) -> 0 | BD99: =COUNTA(BD43) -> 0 | BE99: =COUNTA(BE43) -> 0 | ... BI99: =COUNTA(BI43) -> 0 | BM99: =COUNTA(BM43) -> 0 | BN99: =COUNTA(BN43) -> 0 | BO99: =COUNTA(BO43) -> 0 | BP99: =COUNTA(BP43) -> 0 | BQ99: =COUNTA(BQ43) -> 0 | BR99: =COUNTA(BR43) -> 0 | BS99: =COUNTA(BS43) -> 0 | BT99: =COUNTA(BT43) -> 0 | ... BX99: =COUNTA(BX43) -> 0
C100: Realizado8 | E100: =COUNTA(E44) -> 0 | F100: =COUNTA(F44) -> 0 | G100: =COUNTA(G44) -> 0 | H100: =COUNTA(H44) -> 0 | I100: =COUNTA(I44) -> 0 | J100: =COUNTA(J44) -> 0 | K100: =COUNTA(K44) -> 0 | L100: =COUNTA(L44) -> 0 | ... P100: =COUNTA(P44) -> 0 | T100: =COUNTA(T44) -> 0 | U100: =COUNTA(U44) -> 0 | V100: =COUNTA(V44) -> 0 | W100: =COUNTA(W44) -> 0 | X100: =COUNTA(X44) -> 0 | Y100: =COUNTA(Y44) -> 0 | Z100: =COUNTA(Z44) -> 0 | AA100: =COUNTA(AA44) -> 0 | ... AE100: =COUNTA(AE44) -> 0 | AI100: =COUNTA(AI44) -> 0 | AJ100: =COUNTA(AJ44) -> 0 | AK100: =COUNTA(AK44) -> 0 | AL100: =COUNTA(AL44) -> 0 | AM100: =COUNTA(AM44) -> 0 | AN100: =COUNTA(AN44) -> 0 | AO100: =COUNTA(AO44) -> 0 | AP100: =COUNTA(AP44) -> 0 | ... AT100: =COUNTA(AT44) -> 0 | AX100: =COUNTA(AX44) -> 0 | AY100: =COUNTA(AY44) -> 0 | AZ100: =COUNTA(AZ44) -> 0 | BA100: =COUNTA(BA44) -> 0 | BB100: =COUNTA(BB44) -> 0 | BC100: =COUNTA(BC44) -> 0 | BD100: =COUNTA(BD44) -> 0 | BE100: =COUNTA(BE44) -> 0 | ... BI100: =COUNTA(BI44) -> 0 | BM100: =COUNTA(BM44) -> 0 | BN100: =COUNTA(BN44) -> 0 | BO100: =COUNTA(BO44) -> 0 | BP100: =COUNTA(BP44) -> 0 | BQ100: =COUNTA(BQ44) -> 0 | BR100: =COUNTA(BR44) -> 0 | BS100: =COUNTA(BS44) -> 0 | BT100: =COUNTA(BT44) -> 0 | ... BX100: =COUNTA(BX44) -> 0

Sheet est3
C4: Estratégia para | D4: Perspectiva de Processos Internos
D5: 1 | Q5: =_xlfn.CONCAT(Q7,D5) -> Parcial1 | R5: =_xlfn.CONCAT(R7,D5) -> Total1 | T5: 2 | AF5: =_xlfn.CONCAT(AF7,T5) -> Parcial2 | AG5: =_xlfn.CONCAT(AG7,T5) -> Total2 | AI5: 3 | AU5: =_xlfn.CONCAT(AU7,AI5) -> Parcial3 | AV5: =_xlfn.CONCAT(AV7,AI5) -> Total3 | AX5: 4 | BJ5: =_xlfn.CONCAT(BJ7,AX5) -> Parcial4 | BK5: =_xlfn.CONCAT(BK7,AX5) -> Total4 | BM5: 5 | BY5: =_xlfn.CONCAT(BY7,BM5) -> Parcial5 | BZ5: =_xlfn.CONCAT(BZ7,BM5) -> Total5
D6: Ano 1 | T6: Ano 2 | AI6: Ano 3 | AX6: Ano 4 | BM6: Ano 5
B7: =1 -> 1 | C7: Meta 1 | D7: % | E7: Jan | F7: Fev | G7: Mar | H7: Abr | I7: Mai | J7: Jun | K7: Jul | L7: Ago | M7: Set | N7: Out | O7: Nov | P7: Dez | Q7: Parcial | R7: Total | T7: Jan | U7: Fev | V7: Mar | W7: Abr | X7: Mai | Y7: Jun | Z7: Jul | AA7: Ago | AB7: Set | AC7: Out | AD7: Nov | AE7: Dez | AF7: Parcial | AG7: Total | AI7: Jan | AJ7: Fev | AK7: Mar | AL7: Abr | AM7: Mai | AN7: Jun | AO7: Jul | AP7: Ago | AQ7: Set | AR7: Out | AS7: Nov | AT7: Dez | AU7: Parcial | AV7: Total | AX7: Jan | AY7: Fev | AZ7: Mar | BA7: Abr | BB7: Mai | BC7: Jun | BD7: Jul | BE7: Ago | BF7: Set | BG7: Out | BH7: Nov | BI7: Dez | BJ7: Parcial | BK7: Total | BM7: Jan | BN7: Fev | BO7: Mar | BP7: Abr | BQ7: Mai | BR7: Jun | BS7: Jul | BT7: Ago | BU7: Set | BV7: Out | BW7: Nov | BX7: Dez | BY7: Parcial | BZ7: Total
A8: =_xlfn.CONCAT(D8,B7) -> Planejado1 | C8: =C59 -> Aumentar: Crescimento | D8: Planejado | Q8: =SUMIF(E86:P86,"=1",E8:P8) -> 0 | R8: =SUM(E8:P8) -> 0 | AF8: =SUMIF(T86:AE86,"=1",T8:AE8) -> 0 | AG8: =SUM(T8:AE8) -> 0 | AU8: =SUMIF(AI86:AT86,"=1",AI8:AT8) -> 0 | AV8: =SUM(AI8:AT8) -> 0 | BJ8: =SUMIF(AX86:BI86,"=1",AX8:BI8) -> 0 | BK8: =SUM(AX8:BI8) -> 0 | BY8: =SUMIF(BM86:BX86,"=1",BM8:BX8) -> 0 | BZ8: =SUM(BM8:BX8) -> 0
A9: =_xlfn.CONCAT(D9,B7) -> Realizado1 | D9: Realizado | Q9: =SUMIF(E86:P86,"=1",E9:P9) -> 0 | R9: =SUM(E9:P9) -> 0 | AF9: =SUMIF(T86:AE86,"=1",T9:AE9) -> 0 | AG9: =SUM(T9:AE9) -> 0 | AU9: =SUMIF(AI86:AT86,"=1",AI9:AT9) -> 0 | AV9: =SUM(AI9:AT9) -> 0 | BJ9: =SUMIF(AX86:BI86,"=1",AX9:BI9) -> 0 | BK9: =SUM(AX9:BI9) -> 0 | BY9: =SUMIF(BM86:BX86,"=1",BM9:BX9) -> 0 | BZ9: =SUM(BM9:BX9) -> 0
